"Ano";"Órgão/Entidade Vinculada";"Subfunção (Especificação da Área de Atuação)";"Programa de Governo";"Categoria Econômica";"GGrupo de Natureza de Despesa";"Elemento de Despesa";"Orçamento Inicial (R$)";"Orçamento Atualizado (R$)";"Orçamento Realizado (R$)";"% Realizado do orçamento (com relação ao orçamento atualizado) (R$)";
"2019";"26407 - Instituto Federal Goiano";"363 - Ensino profissional";"2080 - EDUCACAO DE QUALIDADE PARA TODOS";"3 - DESPESAS CORRENTES";"3 - Outras Despesas Correntes";"00 - Não informado";"2.951.555,59";"2.951.555,59";"0,00";"0,00%";
"2019";"26431 - Instituto Federal do Piauí";"363 - Ensino profissional";"2080 - EDUCACAO DE QUALIDADE PARA TODOS";"3 - DESPESAS CORRENTES";"3 - Outras Despesas Correntes";"36 - Outros Serviços de Terceiros - Pessoa Física";"16.500,00";"16.500,00";"16.500,00";"100.00%";
"2019";"26402 - Instituto Federal de Alagoas";"363 - Ensino profissional";"2080 - EDUCACAO DE QUALIDADE PARA TODOS";"3 - DESPESAS CORRENTES";"3 - Outras Despesas Correntes";"39 - Outros Serviços de Terceiros - Pessoa Jurídica";"863.550,94";"863.550,94";"550.314,42";"63.73%";
"2019";"26417 - Instituto Federal da Paraíba";"363 - Ensino profissional";"2080 - EDUCACAO DE QUALIDADE PARA TODOS";"3 - DESPESAS CORRENTES";"3 - Outras Despesas Correntes";"32 - Material, Bem ou Serviço para Distribuição Gratuita";"168.859,28";"168.859,28";"254,96";"0.15%";
"2019";"26421 - Instituto Federal de Rondônia";"363 - Ensino profissional";"2080 - EDUCACAO DE QUALIDADE PARA TODOS";"3 - DESPESAS CORRENTES";"3 - Outras Despesas Correntes";"00 - Não informado";"2.315.158,11";"2.099.854,11";"0,00";"0,00%";
"2019";"26429 - Instituto Federal de Educação, Ciência e Tecnologia de Goiás";"363 - Ensino profissional";"2080 - EDUCACAO DE QUALIDADE PARA TODOS";"3 - DESPESAS CORRENTES";"3 - Outras Despesas Correntes";"18 - Auxílio Financeiro a Estudantes";"5.189.175,86";"5.189.175,86";"3.790.601,07";"73.05%";
"2019";"26247 - Universidade Federal de Santa Maria";"363 - Ensino profissional";"2080 - EDUCACAO DE QUALIDADE PARA TODOS";"3 - DESPESAS CORRENTES";"3 - Outras Despesas Correntes";"18 - Auxílio Financeiro a Estudantes";"1.267.135,00";"1.267.135,00";"704.462,29";"55.59%";
"2019";"26411 - Instituto Federal do Sudeste de Minas Gerais";"363 - Ensino profissional";"2080 - EDUCACAO DE QUALIDADE PARA TODOS";"3 - DESPESAS CORRENTES";"3 - Outras Despesas Correntes";"30 - Material de Consumo";"274.832,17";"274.832,17";"166.687,25";"60.65%";
"2019";"26248 - Universidade Federal Rural de Pernambuco";"363 - Ensino profissional";"2080 - EDUCACAO DE QUALIDADE PARA TODOS";"3 - DESPESAS CORRENTES";"3 - Outras Despesas Correntes";"39 - Outros Serviços de Terceiros - Pessoa Jurídica";"1.000,00";"1.000,00";"0,00";"0,00%";
"2019";"26416 - Instituto Federal do Pará";"363 - Ensino profissional";"2080 - EDUCACAO DE QUALIDADE PARA TODOS";"4 - DESPESAS DE CAPITAL";"4 - Investimentos";"00 - Não informado";"505.853,00";"505.853,00";"0,00";"0,00%";
"2019";"26409 - Instituto Federal de Minas Gerais";"363 - Ensino profissional";"2080 - EDUCACAO DE QUALIDADE PARA TODOS";"3 - DESPESAS CORRENTES";"3 - Outras Despesas Correntes";"37 - Locação de Mão-de-Obra";"2.435.907,82";"2.435.907,82";"1.663.500,42";"68.29%";
"2019";"26415 - Instituto Federal do Mato Grosso do Sul";"363 - Ensino profissional";"2080 - EDUCACAO DE QUALIDADE PARA TODOS";"3 - DESPESAS CORRENTES";"3 - Outras Despesas Correntes";"30 - Material de Consumo";"406.250,84";"406.250,84";"147.315,18";"36.26%";
"2019";"26409 - Instituto Federal de Minas Gerais";"363 - Ensino profissional";"2080 - EDUCACAO DE QUALIDADE PARA TODOS";"3 - DESPESAS CORRENTES";"3 - Outras Despesas Correntes";"39 - Outros Serviços de Terceiros - Pessoa Jurídica";"627.463,78";"627.463,78";"32.772,32";"5.22%";
"2019";"26416 - Instituto Federal do Pará";"363 - Ensino profissional";"2080 - EDUCACAO DE QUALIDADE PARA TODOS";"3 - DESPESAS CORRENTES";"3 - Outras Despesas Correntes";"37 - Locação de Mão-de-Obra";"1.065.902,25";"1.065.902,25";"683.597,31";"64.13%";
"2019";"26417 - Instituto Federal da Paraíba";"363 - Ensino profissional";"2080 - EDUCACAO DE QUALIDADE PARA TODOS";"3 - DESPESAS CORRENTES";"3 - Outras Despesas Correntes";"31 - Premiações Culturais, Artísticas, Científicas, Desportivas e Outras";"1.000,00";"1.000,00";"1.000,00";"100.00%";
"2019";"26407 - Instituto Federal Goiano";"363 - Ensino profissional";"2080 - EDUCACAO DE QUALIDADE PARA TODOS";"3 - DESPESAS CORRENTES";"3 - Outras Despesas Correntes";"30 - Material de Consumo";"1.534.465,08";"1.534.465,08";"847.396,20";"55.22%";
"2019";"26419 - Instituto Federal do Rio Grande do Sul";"363 - Ensino profissional";"2080 - EDUCACAO DE QUALIDADE PARA TODOS";"3 - DESPESAS CORRENTES";"3 - Outras Despesas Correntes";"39 - Outros Serviços de Terceiros - Pessoa Jurídica";"679.957,75";"679.957,75";"493.093,11";"72.52%";
"2019";"26252 - Universidade Federal de Campina Grande";"363 - Ensino profissional";"2080 - EDUCACAO DE QUALIDADE PARA TODOS";"3 - DESPESAS CORRENTES";"3 - Outras Despesas Correntes";"30 - Material de Consumo";"250.000,00";"250.000,00";"8.580,00";"3.43%";
"2019";"26430 - Instituto Federal do Sertão de Pernambuco";"363 - Ensino profissional";"2080 - EDUCACAO DE QUALIDADE PARA TODOS";"3 - DESPESAS CORRENTES";"3 - Outras Despesas Correntes";"30 - Material de Consumo";"399.082,20";"399.082,20";"196.986,37";"49.36%";
"2019";"26418 - Instituto Federal de Pernambuco";"363 - Ensino profissional";"2080 - EDUCACAO DE QUALIDADE PARA TODOS";"3 - DESPESAS CORRENTES";"3 - Outras Despesas Correntes";"30 - Material de Consumo";"550.104,65";"550.104,65";"167.234,13";"30.40%";
"2019";"26406 - Instituto Federal do Espírito Santo";"363 - Ensino profissional";"2080 - EDUCACAO DE QUALIDADE PARA TODOS";"3 - DESPESAS CORRENTES";"3 - Outras Despesas Correntes";"40 - Serviços de Tecnologia da Informação e Comunicação";"21.808,60";"21.808,60";"15.140,10";"69.42%";
"2019";"26240 - Universidade Federal da Paraíba";"363 - Ensino profissional";"2080 - EDUCACAO DE QUALIDADE PARA TODOS";"3 - DESPESAS CORRENTES";"3 - Outras Despesas Correntes";"39 - Outros Serviços de Terceiros - Pessoa Jurídica";"1.428.961,20";"1.428.961,20";"518.167,95";"36.26%";
"2019";"26408 - Instituto Federal do Maranhão";"363 - Ensino profissional";"2080 - EDUCACAO DE QUALIDADE PARA TODOS";"3 - DESPESAS CORRENTES";"3 - Outras Despesas Correntes";"30 - Material de Consumo";"250.102,33";"250.102,33";"41.610,79";"16.64%";
"2019";"26257 - Centro Federal de Educação Tecnológica de Minas Gerais";"363 - Ensino profissional";"2080 - EDUCACAO DE QUALIDADE PARA TODOS";"3 - DESPESAS CORRENTES";"3 - Outras Despesas Correntes";"18 - Auxílio Financeiro a Estudantes";"6.487.757,40";"6.487.757,40";"3.179.906,01";"49.01%";
"2019";"26423 - Instituto Federal de Sergipe";"363 - Ensino profissional";"2080 - EDUCACAO DE QUALIDADE PARA TODOS";"3 - DESPESAS CORRENTES";"3 - Outras Despesas Correntes";"39 - Outros Serviços de Terceiros - Pessoa Jurídica";"306.536,17";"306.536,17";"119.987,87";"39.14%";
"2019";"26431 - Instituto Federal do Piauí";"363 - Ensino profissional";"2080 - EDUCACAO DE QUALIDADE PARA TODOS";"3 - DESPESAS CORRENTES";"3 - Outras Despesas Correntes";"32 - Material, Bem ou Serviço para Distribuição Gratuita";"23.311,50";"23.311,50";"21.822,50";"93.61%";
"2019";"26432 - Instituto Federal do Paraná";"363 - Ensino profissional";"2080 - EDUCACAO DE QUALIDADE PARA TODOS";"4 - DESPESAS DE CAPITAL";"4 - Investimentos";"00 - Não informado";"90.000,00";"90.000,00";"0,00";"0,00%";
"2019";"26413 - Instituto Federal do Triângulo Mineiro";"363 - Ensino profissional";"2080 - EDUCACAO DE QUALIDADE PARA TODOS";"3 - DESPESAS CORRENTES";"3 - Outras Despesas Correntes";"39 - Outros Serviços de Terceiros - Pessoa Jurídica";"535.520,04";"535.520,04";"120.992,33";"22.59%";
"2019";"26415 - Instituto Federal do Mato Grosso do Sul";"363 - Ensino profissional";"2080 - EDUCACAO DE QUALIDADE PARA TODOS";"3 - DESPESAS CORRENTES";"3 - Outras Despesas Correntes";"39 - Outros Serviços de Terceiros - Pessoa Jurídica";"56.102,56";"56.102,56";"37.808,69";"67.39%";
"2019";"26238 - Universidade Federal de Minas Gerais";"363 - Ensino profissional";"2080 - EDUCACAO DE QUALIDADE PARA TODOS";"3 - DESPESAS CORRENTES";"3 - Outras Despesas Correntes";"00 - Não informado";"345.377,72";"345.377,72";"0,00";"0,00%";
"2019";"26417 - Instituto Federal da Paraíba";"363 - Ensino profissional";"2080 - EDUCACAO DE QUALIDADE PARA TODOS";"3 - DESPESAS CORRENTES";"3 - Outras Despesas Correntes";"37 - Locação de Mão-de-Obra";"80.612,00";"80.612,00";"36.465,50";"45.24%";
"2019";"26408 - Instituto Federal do Maranhão";"363 - Ensino profissional";"2080 - EDUCACAO DE QUALIDADE PARA TODOS";"3 - DESPESAS CORRENTES";"3 - Outras Despesas Correntes";"31 - Premiações Culturais, Artísticas, Científicas, Desportivas e Outras";"13.500,00";"13.500,00";"0,00";"0,00%";
"2019";"26402 - Instituto Federal de Alagoas";"363 - Ensino profissional";"2080 - EDUCACAO DE QUALIDADE PARA TODOS";"3 - DESPESAS CORRENTES";"3 - Outras Despesas Correntes";"18 - Auxílio Financeiro a Estudantes";"6.712.320,63";"6.712.320,63";"5.415.079,97";"80.67%";
"2019";"26247 - Universidade Federal de Santa Maria";"363 - Ensino profissional";"2080 - EDUCACAO DE QUALIDADE PARA TODOS";"3 - DESPESAS CORRENTES";"3 - Outras Despesas Correntes";"39 - Outros Serviços de Terceiros - Pessoa Jurídica";"1.004,59";"1.004,59";"0,00";"0,00%";
"2019";"26402 - Instituto Federal de Alagoas";"363 - Ensino profissional";"2080 - EDUCACAO DE QUALIDADE PARA TODOS";"3 - DESPESAS CORRENTES";"3 - Outras Despesas Correntes";"00 - Não informado";"3.407.692,17";"3.407.692,17";"0,00";"0,00%";
"2019";"26422 - Instituto Federal Catarinense";"363 - Ensino profissional";"2080 - EDUCACAO DE QUALIDADE PARA TODOS";"3 - DESPESAS CORRENTES";"3 - Outras Despesas Correntes";"36 - Outros Serviços de Terceiros - Pessoa Física";"11.520,00";"11.520,00";"3.600,00";"31.25%";
"2019";"26405 - Instituto Federal do Ceará";"363 - Ensino profissional";"2080 - EDUCACAO DE QUALIDADE PARA TODOS";"3 - DESPESAS CORRENTES";"3 - Outras Despesas Correntes";"00 - Não informado";"10.156.991,32";"10.156.991,32";"0,00";"0,00%";
"2019";"26421 - Instituto Federal de Rondônia";"363 - Ensino profissional";"2080 - EDUCACAO DE QUALIDADE PARA TODOS";"3 - DESPESAS CORRENTES";"3 - Outras Despesas Correntes";"39 - Outros Serviços de Terceiros - Pessoa Jurídica";"166.033,30";"166.033,30";"103.314,87";"62.23%";
"2019";"26411 - Instituto Federal do Sudeste de Minas Gerais";"363 - Ensino profissional";"2080 - EDUCACAO DE QUALIDADE PARA TODOS";"4 - DESPESAS DE CAPITAL";"4 - Investimentos";"00 - Não informado";"60.000,00";"60.000,00";"0,00";"0,00%";
"2019";"26412 - Instituto Federal do Sul de Minas Gerais";"363 - Ensino profissional";"2080 - EDUCACAO DE QUALIDADE PARA TODOS";"3 - DESPESAS CORRENTES";"3 - Outras Despesas Correntes";"37 - Locação de Mão-de-Obra";"920.707,98";"920.707,98";"418.416,87";"45.45%";
"2019";"26435 - Instituto Federal do Rio Grande do Norte";"363 - Ensino profissional";"2080 - EDUCACAO DE QUALIDADE PARA TODOS";"3 - DESPESAS CORRENTES";"3 - Outras Despesas Correntes";"00 - Não informado";"7.512.732,85";"6.708.061,85";"0,00";"0,00%";
"2019";"26250 - Universidade Federal de Roraima ";"363 - Ensino profissional";"2080 - EDUCACAO DE QUALIDADE PARA TODOS";"3 - DESPESAS CORRENTES";"3 - Outras Despesas Correntes";"00 - Não informado";"91.609,85";"91.609,85";"0,00";"0,00%";
"2019";"26254 - Universidade Federal do Triângulo Mineiro";"363 - Ensino profissional";"2080 - EDUCACAO DE QUALIDADE PARA TODOS";"3 - DESPESAS CORRENTES";"3 - Outras Despesas Correntes";"00 - Não informado";"196.146,50";"196.146,50";"0,00";"0,00%";
"2019";"26201 - Colégio Pedro II";"363 - Ensino profissional";"2080 - EDUCACAO DE QUALIDADE PARA TODOS";"3 - DESPESAS CORRENTES";"3 - Outras Despesas Correntes";"39 - Outros Serviços de Terceiros - Pessoa Jurídica";"42.390,00";"42.390,00";"0,00";"0,00%";
"2019";"26201 - Colégio Pedro II";"363 - Ensino profissional";"2080 - EDUCACAO DE QUALIDADE PARA TODOS";"3 - DESPESAS CORRENTES";"3 - Outras Despesas Correntes";"00 - Não informado";"4.039.542,72";"4.039.542,72";"0,00";"0,00%";
"2019";"26409 - Instituto Federal de Minas Gerais";"363 - Ensino profissional";"2080 - EDUCACAO DE QUALIDADE PARA TODOS";"3 - DESPESAS CORRENTES";"3 - Outras Despesas Correntes";"18 - Auxílio Financeiro a Estudantes";"8.644.886,87";"8.644.886,87";"3.343.501,22";"38.68%";
"2019";"26404 - Instituto Federal Baiano";"363 - Ensino profissional";"2080 - EDUCACAO DE QUALIDADE PARA TODOS";"4 - DESPESAS DE CAPITAL";"4 - Investimentos";"00 - Não informado";"894.598,00";"46.377,00";"0,00";"0,00%";
"2019";"26282 - Universidade Federal de Viçosa";"363 - Ensino profissional";"2080 - EDUCACAO DE QUALIDADE PARA TODOS";"3 - DESPESAS CORRENTES";"3 - Outras Despesas Correntes";"18 - Auxílio Financeiro a Estudantes";"188.400,00";"188.400,00";"141.605,45";"75.16%";
"2019";"26436 - Instituto Federal Sul-rio-grandense";"363 - Ensino profissional";"2080 - EDUCACAO DE QUALIDADE PARA TODOS";"3 - DESPESAS CORRENTES";"3 - Outras Despesas Correntes";"49 - Auxílio-Transporte";"219.841,90";"219.841,90";"117.284,12";"53.35%";
"2019";"26424 - Instituto Federal do Tocantins";"363 - Ensino profissional";"2080 - EDUCACAO DE QUALIDADE PARA TODOS";"3 - DESPESAS CORRENTES";"3 - Outras Despesas Correntes";"30 - Material de Consumo";"924,20";"924,20";"0,00";"0,00%";
"2019";"26201 - Colégio Pedro II";"363 - Ensino profissional";"2080 - EDUCACAO DE QUALIDADE PARA TODOS";"3 - DESPESAS CORRENTES";"3 - Outras Despesas Correntes";"18 - Auxílio Financeiro a Estudantes";"4.064.841,67";"4.064.841,67";"1.597.750,77";"39.31%";
"2019";"26433 - Instituto Federal do Rio de Janeiro";"363 - Ensino profissional";"2080 - EDUCACAO DE QUALIDADE PARA TODOS";"3 - DESPESAS CORRENTES";"3 - Outras Despesas Correntes";"00 - Não informado";"2.656.412,96";"2.713.627,96";"0,00";"0,00%";
"2019";"26408 - Instituto Federal do Maranhão";"363 - Ensino profissional";"2080 - EDUCACAO DE QUALIDADE PARA TODOS";"3 - DESPESAS CORRENTES";"3 - Outras Despesas Correntes";"92 - Despesas de Exercícios Anteriores";"1.343,98";"1.343,98";"1.300,00";"96.73%";
"2019";"26439 - Instituto Federal de São Paulo";"363 - Ensino profissional";"2080 - EDUCACAO DE QUALIDADE PARA TODOS";"3 - DESPESAS CORRENTES";"3 - Outras Despesas Correntes";"18 - Auxílio Financeiro a Estudantes";"15.179.409,22";"15.179.409,22";"11.937.312,67";"78.64%";
"2019";"26243 - Universidade Federal do Rio Grande do Norte";"363 - Ensino profissional";"2080 - EDUCACAO DE QUALIDADE PARA TODOS";"3 - DESPESAS CORRENTES";"3 - Outras Despesas Correntes";"18 - Auxílio Financeiro a Estudantes";"2.407.350,00";"2.407.350,00";"797.720,00";"33.14%";
"2019";"26425 - Instituto Federal do Acre";"363 - Ensino profissional";"2080 - EDUCACAO DE QUALIDADE PARA TODOS";"3 - DESPESAS CORRENTES";"3 - Outras Despesas Correntes";"33 - Passagens e Despesas com Locomoção";"135.276,99";"135.276,99";"55.120,77";"40.75%";
"2019";"26408 - Instituto Federal do Maranhão";"363 - Ensino profissional";"2080 - EDUCACAO DE QUALIDADE PARA TODOS";"3 - DESPESAS CORRENTES";"3 - Outras Despesas Correntes";"39 - Outros Serviços de Terceiros - Pessoa Jurídica";"1.146.784,64";"1.146.784,64";"521.861,90";"45.51%";
"2019";"26282 - Universidade Federal de Viçosa";"363 - Ensino profissional";"2080 - EDUCACAO DE QUALIDADE PARA TODOS";"3 - DESPESAS CORRENTES";"3 - Outras Despesas Correntes";"39 - Outros Serviços de Terceiros - Pessoa Jurídica";"331.272,34";"331.272,34";"219.699,24";"66.32%";
"2019";"26414 - Instituto Federal do Mato Grosso";"363 - Ensino profissional";"2080 - EDUCACAO DE QUALIDADE PARA TODOS";"3 - DESPESAS CORRENTES";"3 - Outras Despesas Correntes";"00 - Não informado";"4.072.430,52";"4.072.430,52";"0,00";"0,00%";
"2019";"26438 - Instituto Federal de Santa Catarina";"363 - Ensino profissional";"2080 - EDUCACAO DE QUALIDADE PARA TODOS";"4 - DESPESAS DE CAPITAL";"4 - Investimentos";"52 - Equipamentos e Material Permanente";"703.919,00";"703.919,00";"5.161,40";"0.73%";
"2019";"26414 - Instituto Federal do Mato Grosso";"363 - Ensino profissional";"2080 - EDUCACAO DE QUALIDADE PARA TODOS";"4 - DESPESAS DE CAPITAL";"4 - Investimentos";"51 - Obras e Instalações";"32.826,37";"32.826,37";"0,00";"0,00%";
"2019";"26412 - Instituto Federal do Sul de Minas Gerais";"363 - Ensino profissional";"2080 - EDUCACAO DE QUALIDADE PARA TODOS";"3 - DESPESAS CORRENTES";"3 - Outras Despesas Correntes";"00 - Não informado";"5.398.499,94";"5.398.499,94";"0,00";"0,00%";
"2019";"26403 - Instituto Federal do Amazonas";"363 - Ensino profissional";"2080 - EDUCACAO DE QUALIDADE PARA TODOS";"3 - DESPESAS CORRENTES";"3 - Outras Despesas Correntes";"18 - Auxílio Financeiro a Estudantes";"7.810.089,82";"7.810.089,82";"4.320.392,73";"55.32%";
"2019";"26403 - Instituto Federal do Amazonas";"363 - Ensino profissional";"2080 - EDUCACAO DE QUALIDADE PARA TODOS";"3 - DESPESAS CORRENTES";"3 - Outras Despesas Correntes";"00 - Não informado";"3.015.286,57";"3.015.286,57";"0,00";"0,00%";
"2019";"26414 - Instituto Federal do Mato Grosso";"363 - Ensino profissional";"2080 - EDUCACAO DE QUALIDADE PARA TODOS";"4 - DESPESAS DE CAPITAL";"4 - Investimentos";"00 - Não informado";"394.456,34";"394.456,34";"0,00";"0,00%";
"2019";"26279 - Fundação Universidade Federal do Piauí";"363 - Ensino profissional";"2080 - EDUCACAO DE QUALIDADE PARA TODOS";"3 - DESPESAS CORRENTES";"3 - Outras Despesas Correntes";"30 - Material de Consumo";"1.232.400,00";"1.232.400,00";"912.130,17";"74.01%";
"2019";"26423 - Instituto Federal de Sergipe";"363 - Ensino profissional";"2080 - EDUCACAO DE QUALIDADE PARA TODOS";"3 - DESPESAS CORRENTES";"3 - Outras Despesas Correntes";"32 - Material, Bem ou Serviço para Distribuição Gratuita";"241.833,00";"241.833,00";"45.511,70";"18.82%";
"2019";"26405 - Instituto Federal do Ceará";"363 - Ensino profissional";"2080 - EDUCACAO DE QUALIDADE PARA TODOS";"3 - DESPESAS CORRENTES";"3 - Outras Despesas Correntes";"31 - Premiações Culturais, Artísticas, Científicas, Desportivas e Outras";"22.220,50";"22.220,50";"11.110,50";"50.00%";
"2019";"26406 - Instituto Federal do Espírito Santo";"363 - Ensino profissional";"2080 - EDUCACAO DE QUALIDADE PARA TODOS";"3 - DESPESAS CORRENTES";"3 - Outras Despesas Correntes";"30 - Material de Consumo";"439.229,51";"439.229,51";"342.943,58";"78.08%";
"2019";"26421 - Instituto Federal de Rondônia";"363 - Ensino profissional";"2080 - EDUCACAO DE QUALIDADE PARA TODOS";"3 - DESPESAS CORRENTES";"3 - Outras Despesas Correntes";"33 - Passagens e Despesas com Locomoção";"101.800,25";"101.800,25";"0,00";"0,00%";
"2019";"26434 - Instituto Federal Fluminense";"363 - Ensino profissional";"2080 - EDUCACAO DE QUALIDADE PARA TODOS";"3 - DESPESAS CORRENTES";"3 - Outras Despesas Correntes";"39 - Outros Serviços de Terceiros - Pessoa Jurídica";"885.106,93";"885.106,93";"592.056,09";"66.89%";
"2019";"26403 - Instituto Federal do Amazonas";"363 - Ensino profissional";"2080 - EDUCACAO DE QUALIDADE PARA TODOS";"3 - DESPESAS CORRENTES";"3 - Outras Despesas Correntes";"33 - Passagens e Despesas com Locomoção";"97.330,29";"97.330,29";"85.685,23";"88.04%";
"2019";"26406 - Instituto Federal do Espírito Santo";"363 - Ensino profissional";"2080 - EDUCACAO DE QUALIDADE PARA TODOS";"3 - DESPESAS CORRENTES";"3 - Outras Despesas Correntes";"92 - Despesas de Exercícios Anteriores";"326.814,37";"326.814,37";"326.814,37";"100.00%";
"2019";"26279 - Fundação Universidade Federal do Piauí";"363 - Ensino profissional";"2080 - EDUCACAO DE QUALIDADE PARA TODOS";"3 - DESPESAS CORRENTES";"3 - Outras Despesas Correntes";"18 - Auxílio Financeiro a Estudantes";"1.500.000,00";"1.500.000,00";"564.200,00";"37.61%";
"2019";"26435 - Instituto Federal do Rio Grande do Norte";"363 - Ensino profissional";"2080 - EDUCACAO DE QUALIDADE PARA TODOS";"4 - DESPESAS DE CAPITAL";"4 - Investimentos";"00 - Não informado";"692.279,02";"1.496.950,02";"0,00";"0,00%";
"2019";"26405 - Instituto Federal do Ceará";"363 - Ensino profissional";"2080 - EDUCACAO DE QUALIDADE PARA TODOS";"3 - DESPESAS CORRENTES";"3 - Outras Despesas Correntes";"92 - Despesas de Exercícios Anteriores";"6.325,00";"6.325,00";"6.325,00";"100.00%";
"2019";"26412 - Instituto Federal do Sul de Minas Gerais";"363 - Ensino profissional";"2080 - EDUCACAO DE QUALIDADE PARA TODOS";"3 - DESPESAS CORRENTES";"3 - Outras Despesas Correntes";"30 - Material de Consumo";"938.740,12";"938.740,12";"603.760,71";"64.32%";
"2019";"26417 - Instituto Federal da Paraíba";"363 - Ensino profissional";"2080 - EDUCACAO DE QUALIDADE PARA TODOS";"3 - DESPESAS CORRENTES";"3 - Outras Despesas Correntes";"36 - Outros Serviços de Terceiros - Pessoa Física";"8.235,00";"8.235,00";"955,00";"11.60%";
"2019";"26404 - Instituto Federal Baiano";"363 - Ensino profissional";"2080 - EDUCACAO DE QUALIDADE PARA TODOS";"3 - DESPESAS CORRENTES";"3 - Outras Despesas Correntes";"32 - Material, Bem ou Serviço para Distribuição Gratuita";"855,50";"855,50";"0,00";"0,00%";
"2019";"26428 - Instituto Federal de Brasília";"363 - Ensino profissional";"2080 - EDUCACAO DE QUALIDADE PARA TODOS";"3 - DESPESAS CORRENTES";"3 - Outras Despesas Correntes";"31 - Premiações Culturais, Artísticas, Científicas, Desportivas e Outras";"17.500,00";"17.500,00";"0,00";"0,00%";
"2019";"26417 - Instituto Federal da Paraíba";"363 - Ensino profissional";"2080 - EDUCACAO DE QUALIDADE PARA TODOS";"3 - DESPESAS CORRENTES";"3 - Outras Despesas Correntes";"39 - Outros Serviços de Terceiros - Pessoa Jurídica";"881.437,65";"881.437,65";"439.116,06";"49.82%";
"2019";"26437 - Instituto Federal de Roraima";"363 - Ensino profissional";"2080 - EDUCACAO DE QUALIDADE PARA TODOS";"3 - DESPESAS CORRENTES";"3 - Outras Despesas Correntes";"39 - Outros Serviços de Terceiros - Pessoa Jurídica";"754.125,54";"754.125,54";"596.298,56";"79.07%";
"2019";"26427 - Instituto Federal da Bahia";"363 - Ensino profissional";"2080 - EDUCACAO DE QUALIDADE PARA TODOS";"3 - DESPESAS CORRENTES";"3 - Outras Despesas Correntes";"00 - Não informado";"5.818.350,06";"5.818.350,06";"0,00";"0,00%";
"2019";"26419 - Instituto Federal do Rio Grande do Sul";"363 - Ensino profissional";"2080 - EDUCACAO DE QUALIDADE PARA TODOS";"3 - DESPESAS CORRENTES";"3 - Outras Despesas Correntes";"32 - Material, Bem ou Serviço para Distribuição Gratuita";"501.091,43";"501.091,43";"320.393,16";"63.94%";
"2019";"26409 - Instituto Federal de Minas Gerais";"363 - Ensino profissional";"2080 - EDUCACAO DE QUALIDADE PARA TODOS";"3 - DESPESAS CORRENTES";"3 - Outras Despesas Correntes";"36 - Outros Serviços de Terceiros - Pessoa Física";"96.700,00";"96.700,00";"17.146,68";"17.73%";
"2019";"26421 - Instituto Federal de Rondônia";"363 - Ensino profissional";"2080 - EDUCACAO DE QUALIDADE PARA TODOS";"3 - DESPESAS CORRENTES";"3 - Outras Despesas Correntes";"32 - Material, Bem ou Serviço para Distribuição Gratuita";"30.238,00";"30.238,00";"0,00";"0,00%";
"2019";"26411 - Instituto Federal do Sudeste de Minas Gerais";"363 - Ensino profissional";"2080 - EDUCACAO DE QUALIDADE PARA TODOS";"3 - DESPESAS CORRENTES";"3 - Outras Despesas Correntes";"00 - Não informado";"467.416,61";"735.252,61";"0,00";"0,00%";
"2019";"26282 - Universidade Federal de Viçosa";"363 - Ensino profissional";"2080 - EDUCACAO DE QUALIDADE PARA TODOS";"3 - DESPESAS CORRENTES";"3 - Outras Despesas Correntes";"30 - Material de Consumo";"310.975,55";"310.975,55";"260.884,94";"83.89%";
"2019";"26426 - Instituto Federal do Amapá";"363 - Ensino profissional";"2080 - EDUCACAO DE QUALIDADE PARA TODOS";"3 - DESPESAS CORRENTES";"3 - Outras Despesas Correntes";"39 - Outros Serviços de Terceiros - Pessoa Jurídica";"661.364,33";"661.364,33";"456.150,38";"68.97%";
"2019";"26201 - Colégio Pedro II";"363 - Ensino profissional";"2080 - EDUCACAO DE QUALIDADE PARA TODOS";"3 - DESPESAS CORRENTES";"3 - Outras Despesas Correntes";"32 - Material, Bem ou Serviço para Distribuição Gratuita";"533.592,40";"533.592,40";"0,00";"0,00%";
"2019";"26256 - Centro Federal de Educação Tecnológica Celso Suckow da Fonseca";"363 - Ensino profissional";"2080 - EDUCACAO DE QUALIDADE PARA TODOS";"3 - DESPESAS CORRENTES";"3 - Outras Despesas Correntes";"18 - Auxílio Financeiro a Estudantes";"7.568.000,00";"7.568.000,00";"4.214.853,34";"55.69%";
"2019";"26403 - Instituto Federal do Amazonas";"363 - Ensino profissional";"2080 - EDUCACAO DE QUALIDADE PARA TODOS";"3 - DESPESAS CORRENTES";"3 - Outras Despesas Correntes";"30 - Material de Consumo";"106.587,34";"106.587,34";"32.997,20";"30.96%";
"2019";"26431 - Instituto Federal do Piauí";"363 - Ensino profissional";"2080 - EDUCACAO DE QUALIDADE PARA TODOS";"3 - DESPESAS CORRENTES";"3 - Outras Despesas Correntes";"30 - Material de Consumo";"2.952.040,88";"2.952.040,88";"499.444,05";"16.92%";
"2019";"26422 - Instituto Federal Catarinense";"363 - Ensino profissional";"2080 - EDUCACAO DE QUALIDADE PARA TODOS";"3 - DESPESAS CORRENTES";"3 - Outras Despesas Correntes";"00 - Não informado";"4.623.547,72";"4.623.547,72";"0,00";"0,00%";
"2019";"26402 - Instituto Federal de Alagoas";"363 - Ensino profissional";"2080 - EDUCACAO DE QUALIDADE PARA TODOS";"3 - DESPESAS CORRENTES";"3 - Outras Despesas Correntes";"32 - Material, Bem ou Serviço para Distribuição Gratuita";"385.846,26";"385.846,26";"246.350,40";"63.85%";
"2019";"26419 - Instituto Federal do Rio Grande do Sul";"363 - Ensino profissional";"2080 - EDUCACAO DE QUALIDADE PARA TODOS";"3 - DESPESAS CORRENTES";"3 - Outras Despesas Correntes";"18 - Auxílio Financeiro a Estudantes";"7.482.248,53";"7.482.248,53";"6.062.851,38";"81.03%";
"2019";"26404 - Instituto Federal Baiano";"363 - Ensino profissional";"2080 - EDUCACAO DE QUALIDADE PARA TODOS";"3 - DESPESAS CORRENTES";"3 - Outras Despesas Correntes";"37 - Locação de Mão-de-Obra";"1.791.159,49";"1.791.159,49";"1.237.551,21";"69.09%";
"2019";"26415 - Instituto Federal do Mato Grosso do Sul";"363 - Ensino profissional";"2080 - EDUCACAO DE QUALIDADE PARA TODOS";"3 - DESPESAS CORRENTES";"3 - Outras Despesas Correntes";"32 - Material, Bem ou Serviço para Distribuição Gratuita";"6.199,48";"6.199,48";"1.841,84";"29.71%";
"2019";"26412 - Instituto Federal do Sul de Minas Gerais";"363 - Ensino profissional";"2080 - EDUCACAO DE QUALIDADE PARA TODOS";"3 - DESPESAS CORRENTES";"3 - Outras Despesas Correntes";"36 - Outros Serviços de Terceiros - Pessoa Física";"6.206,53";"6.206,53";"5.051,53";"81.39%";
"2019";"26231 - Universidade Federal de Alagoas";"363 - Ensino profissional";"2080 - EDUCACAO DE QUALIDADE PARA TODOS";"3 - DESPESAS CORRENTES";"3 - Outras Despesas Correntes";"18 - Auxílio Financeiro a Estudantes";"270.600,00";"270.600,00";"152.400,00";"56.32%";
"2019";"26414 - Instituto Federal do Mato Grosso";"363 - Ensino profissional";"2080 - EDUCACAO DE QUALIDADE PARA TODOS";"4 - DESPESAS DE CAPITAL";"4 - Investimentos";"52 - Equipamentos e Material Permanente";"84.217,29";"84.217,29";"78.547,40";"93.27%";
"2019";"26419 - Instituto Federal do Rio Grande do Sul";"363 - Ensino profissional";"2080 - EDUCACAO DE QUALIDADE PARA TODOS";"3 - DESPESAS CORRENTES";"3 - Outras Despesas Correntes";"30 - Material de Consumo";"229.647,13";"229.647,13";"100.142,65";"43.61%";
"2019";"26420 - Instituto Federal Farroupilha";"363 - Ensino profissional";"2080 - EDUCACAO DE QUALIDADE PARA TODOS";"3 - DESPESAS CORRENTES";"3 - Outras Despesas Correntes";"37 - Locação de Mão-de-Obra";"1.691.013,88";"1.691.013,88";"1.202.085,09";"71.09%";
"2019";"26438 - Instituto Federal de Santa Catarina";"363 - Ensino profissional";"2080 - EDUCACAO DE QUALIDADE PARA TODOS";"3 - DESPESAS CORRENTES";"3 - Outras Despesas Correntes";"30 - Material de Consumo";"2.030.018,89";"2.030.018,89";"139.302,45";"6.86%";
"2019";"26272 - Fundação Universidade do Maranhão";"363 - Ensino profissional";"2080 - EDUCACAO DE QUALIDADE PARA TODOS";"3 - DESPESAS CORRENTES";"3 - Outras Despesas Correntes";"18 - Auxílio Financeiro a Estudantes";"58.380,00";"58.380,00";"19.250,00";"32.97%";
"2019";"26254 - Universidade Federal do Triângulo Mineiro";"363 - Ensino profissional";"2080 - EDUCACAO DE QUALIDADE PARA TODOS";"3 - DESPESAS CORRENTES";"3 - Outras Despesas Correntes";"18 - Auxílio Financeiro a Estudantes";"221.303,50";"221.303,50";"169.785,10";"76.72%";
"2019";"26409 - Instituto Federal de Minas Gerais";"363 - Ensino profissional";"2080 - EDUCACAO DE QUALIDADE PARA TODOS";"3 - DESPESAS CORRENTES";"3 - Outras Despesas Correntes";"00 - Não informado";"1.469.186,70";"1.530.239,70";"0,00";"0,00%";
"2019";"26250 - Universidade Federal de Roraima ";"363 - Ensino profissional";"2080 - EDUCACAO DE QUALIDADE PARA TODOS";"3 - DESPESAS CORRENTES";"3 - Outras Despesas Correntes";"18 - Auxílio Financeiro a Estudantes";"202.900,00";"202.900,00";"74.500,00";"36.72%";
"2019";"26416 - Instituto Federal do Pará";"363 - Ensino profissional";"2080 - EDUCACAO DE QUALIDADE PARA TODOS";"3 - DESPESAS CORRENTES";"3 - Outras Despesas Correntes";"30 - Material de Consumo";"255.921,91";"255.921,91";"84.231,47";"32.91%";
"2019";"26404 - Instituto Federal Baiano";"363 - Ensino profissional";"2080 - EDUCACAO DE QUALIDADE PARA TODOS";"3 - DESPESAS CORRENTES";"3 - Outras Despesas Correntes";"00 - Não informado";"- 760.977,37";"87.243,63";"0,00";"0,00%";
"2019";"26201 - Colégio Pedro II";"363 - Ensino profissional";"2080 - EDUCACAO DE QUALIDADE PARA TODOS";"3 - DESPESAS CORRENTES";"3 - Outras Despesas Correntes";"36 - Outros Serviços de Terceiros - Pessoa Física";"86.460,21";"86.460,21";"0,00";"0,00%";
"2019";"26434 - Instituto Federal Fluminense";"363 - Ensino profissional";"2080 - EDUCACAO DE QUALIDADE PARA TODOS";"3 - DESPESAS CORRENTES";"3 - Outras Despesas Correntes";"37 - Locação de Mão-de-Obra";"106.357,24";"106.357,24";"75.945,36";"71.41%";
"2019";"26426 - Instituto Federal do Amapá";"363 - Ensino profissional";"2080 - EDUCACAO DE QUALIDADE PARA TODOS";"3 - DESPESAS CORRENTES";"3 - Outras Despesas Correntes";"00 - Não informado";"1.511.719,92";"1.511.719,92";"0,00";"0,00%";
"2019";"26407 - Instituto Federal Goiano";"363 - Ensino profissional";"2080 - EDUCACAO DE QUALIDADE PARA TODOS";"4 - DESPESAS DE CAPITAL";"4 - Investimentos";"52 - Equipamentos e Material Permanente";"57.605,00";"57.605,00";"0,00";"0,00%";
"2019";"26415 - Instituto Federal do Mato Grosso do Sul";"363 - Ensino profissional";"2080 - EDUCACAO DE QUALIDADE PARA TODOS";"3 - DESPESAS CORRENTES";"3 - Outras Despesas Correntes";"18 - Auxílio Financeiro a Estudantes";"2.790.471,02";"2.790.471,02";"2.137.624,67";"76.60%";
"2019";"26420 - Instituto Federal Farroupilha";"363 - Ensino profissional";"2080 - EDUCACAO DE QUALIDADE PARA TODOS";"3 - DESPESAS CORRENTES";"3 - Outras Despesas Correntes";"33 - Passagens e Despesas com Locomoção";"4.963,48";"4.963,48";"3.405,60";"68.61%";
"2019";"26413 - Instituto Federal do Triângulo Mineiro";"363 - Ensino profissional";"2080 - EDUCACAO DE QUALIDADE PARA TODOS";"3 - DESPESAS CORRENTES";"3 - Outras Despesas Correntes";"33 - Passagens e Despesas com Locomoção";"393.658,24";"393.658,24";"119.618,73";"30.39%";
"2019";"26426 - Instituto Federal do Amapá";"363 - Ensino profissional";"2080 - EDUCACAO DE QUALIDADE PARA TODOS";"3 - DESPESAS CORRENTES";"3 - Outras Despesas Correntes";"33 - Passagens e Despesas com Locomoção";"243.830,57";"243.830,57";"47.317,87";"19.41%";
"2019";"26408 - Instituto Federal do Maranhão";"363 - Ensino profissional";"2080 - EDUCACAO DE QUALIDADE PARA TODOS";"3 - DESPESAS CORRENTES";"3 - Outras Despesas Correntes";"18 - Auxílio Financeiro a Estudantes";"10.246.350,85";"10.246.350,85";"6.182.892,86";"60.34%";
"2019";"26417 - Instituto Federal da Paraíba";"363 - Ensino profissional";"2080 - EDUCACAO DE QUALIDADE PARA TODOS";"3 - DESPESAS CORRENTES";"3 - Outras Despesas Correntes";"33 - Passagens e Despesas com Locomoção";"7.414,98";"7.414,98";"7.414,98";"100.00%";
"2019";"26406 - Instituto Federal do Espírito Santo";"363 - Ensino profissional";"2080 - EDUCACAO DE QUALIDADE PARA TODOS";"3 - DESPESAS CORRENTES";"3 - Outras Despesas Correntes";"37 - Locação de Mão-de-Obra";"176.152,59";"176.152,59";"83.329,22";"47.31%";
"2019";"26414 - Instituto Federal do Mato Grosso";"363 - Ensino profissional";"2080 - EDUCACAO DE QUALIDADE PARA TODOS";"3 - DESPESAS CORRENTES";"3 - Outras Despesas Correntes";"40 - Serviços de Tecnologia da Informação e Comunicação";"2.656,00";"2.656,00";"2.656,00";"100.00%";
"2019";"26429 - Instituto Federal de Educação, Ciência e Tecnologia de Goiás";"363 - Ensino profissional";"2080 - EDUCACAO DE QUALIDADE PARA TODOS";"3 - DESPESAS CORRENTES";"3 - Outras Despesas Correntes";"00 - Não informado";"1.395.628,57";"1.395.628,57";"0,00";"0,00%";
"2019";"26438 - Instituto Federal de Santa Catarina";"363 - Ensino profissional";"2080 - EDUCACAO DE QUALIDADE PARA TODOS";"3 - DESPESAS CORRENTES";"3 - Outras Despesas Correntes";"39 - Outros Serviços de Terceiros - Pessoa Jurídica";"6.035,00";"6.035,00";"5.632,00";"93.32%";
"2019";"26248 - Universidade Federal Rural de Pernambuco";"363 - Ensino profissional";"2080 - EDUCACAO DE QUALIDADE PARA TODOS";"3 - DESPESAS CORRENTES";"3 - Outras Despesas Correntes";"32 - Material, Bem ou Serviço para Distribuição Gratuita";"49.100,00";"49.100,00";"0,00";"0,00%";
"2019";"26415 - Instituto Federal do Mato Grosso do Sul";"363 - Ensino profissional";"2080 - EDUCACAO DE QUALIDADE PARA TODOS";"4 - DESPESAS DE CAPITAL";"4 - Investimentos";"00 - Não informado";"250.000,00";"0,00";"0,00";"0,00%";
"2019";"26431 - Instituto Federal do Piauí";"363 - Ensino profissional";"2080 - EDUCACAO DE QUALIDADE PARA TODOS";"3 - DESPESAS CORRENTES";"3 - Outras Despesas Correntes";"18 - Auxílio Financeiro a Estudantes";"7.693.359,38";"7.693.359,38";"4.659.672,49";"60.57%";
"2019";"26416 - Instituto Federal do Pará";"363 - Ensino profissional";"2080 - EDUCACAO DE QUALIDADE PARA TODOS";"3 - DESPESAS CORRENTES";"3 - Outras Despesas Correntes";"18 - Auxílio Financeiro a Estudantes";"4.762.173,97";"4.762.173,97";"2.243.283,67";"47.11%";
"2019";"26250 - Universidade Federal de Roraima ";"363 - Ensino profissional";"2080 - EDUCACAO DE QUALIDADE PARA TODOS";"3 - DESPESAS CORRENTES";"3 - Outras Despesas Correntes";"39 - Outros Serviços de Terceiros - Pessoa Jurídica";"249.990,15";"249.990,15";"51.745,60";"20.70%";
"2019";"26404 - Instituto Federal Baiano";"363 - Ensino profissional";"2080 - EDUCACAO DE QUALIDADE PARA TODOS";"3 - DESPESAS CORRENTES";"3 - Outras Despesas Correntes";"92 - Despesas de Exercícios Anteriores";"5.708,35";"5.708,35";"5.708,35";"100.00%";
"2019";"26422 - Instituto Federal Catarinense";"363 - Ensino profissional";"2080 - EDUCACAO DE QUALIDADE PARA TODOS";"3 - DESPESAS CORRENTES";"3 - Outras Despesas Correntes";"39 - Outros Serviços de Terceiros - Pessoa Jurídica";"627.779,53";"627.779,53";"471.605,14";"75.12%";
"2019";"26407 - Instituto Federal Goiano";"363 - Ensino profissional";"2080 - EDUCACAO DE QUALIDADE PARA TODOS";"3 - DESPESAS CORRENTES";"3 - Outras Despesas Correntes";"39 - Outros Serviços de Terceiros - Pessoa Jurídica";"521.576,10";"521.576,10";"332.999,45";"63.84%";
"2019";"26413 - Instituto Federal do Triângulo Mineiro";"363 - Ensino profissional";"2080 - EDUCACAO DE QUALIDADE PARA TODOS";"3 - DESPESAS CORRENTES";"3 - Outras Despesas Correntes";"00 - Não informado";"1.882.327,19";"1.882.327,19";"0,00";"0,00%";
"2019";"26257 - Centro Federal de Educação Tecnológica de Minas Gerais";"363 - Ensino profissional";"2080 - EDUCACAO DE QUALIDADE PARA TODOS";"3 - DESPESAS CORRENTES";"3 - Outras Despesas Correntes";"39 - Outros Serviços de Terceiros - Pessoa Jurídica";"577.193,66";"577.193,66";"213.329,96";"36.96%";
"2019";"26438 - Instituto Federal de Santa Catarina";"363 - Ensino profissional";"2080 - EDUCACAO DE QUALIDADE PARA TODOS";"3 - DESPESAS CORRENTES";"3 - Outras Despesas Correntes";"48 - Outros Auxílios Financeiros a Pessoas Físicas";"60.806,00";"60.806,00";"0,00";"0,00%";
"2019";"26402 - Instituto Federal de Alagoas";"363 - Ensino profissional";"2080 - EDUCACAO DE QUALIDADE PARA TODOS";"3 - DESPESAS CORRENTES";"3 - Outras Despesas Correntes";"92 - Despesas de Exercícios Anteriores";"2.150,00";"2.150,00";"1.580,00";"73.49%";
"2019";"26411 - Instituto Federal do Sudeste de Minas Gerais";"363 - Ensino profissional";"2080 - EDUCACAO DE QUALIDADE PARA TODOS";"3 - DESPESAS CORRENTES";"3 - Outras Despesas Correntes";"33 - Passagens e Despesas com Locomoção";"133.716,00";"133.716,00";"86.915,40";"65.00%";
"2019";"26432 - Instituto Federal do Paraná";"363 - Ensino profissional";"2080 - EDUCACAO DE QUALIDADE PARA TODOS";"3 - DESPESAS CORRENTES";"3 - Outras Despesas Correntes";"00 - Não informado";"2.954.140,50";"2.954.140,50";"0,00";"0,00%";
"2019";"26403 - Instituto Federal do Amazonas";"363 - Ensino profissional";"2080 - EDUCACAO DE QUALIDADE PARA TODOS";"3 - DESPESAS CORRENTES";"3 - Outras Despesas Correntes";"39 - Outros Serviços de Terceiros - Pessoa Jurídica";"1.257.819,38";"1.257.819,38";"700.352,12";"55.68%";
"2019";"26419 - Instituto Federal do Rio Grande do Sul";"363 - Ensino profissional";"2080 - EDUCACAO DE QUALIDADE PARA TODOS";"3 - DESPESAS CORRENTES";"3 - Outras Despesas Correntes";"92 - Despesas de Exercícios Anteriores";"11.698,93";"11.698,93";"11.698,50";"100.00%";
"2019";"26423 - Instituto Federal de Sergipe";"363 - Ensino profissional";"2080 - EDUCACAO DE QUALIDADE PARA TODOS";"3 - DESPESAS CORRENTES";"3 - Outras Despesas Correntes";"92 - Despesas de Exercícios Anteriores";"150,00";"150,00";"150,00";"100.00%";
"2019";"26421 - Instituto Federal de Rondônia";"363 - Ensino profissional";"2080 - EDUCACAO DE QUALIDADE PARA TODOS";"3 - DESPESAS CORRENTES";"3 - Outras Despesas Correntes";"30 - Material de Consumo";"932.586,47";"932.586,47";"711.621,69";"76.31%";
"2019";"26252 - Universidade Federal de Campina Grande";"363 - Ensino profissional";"2080 - EDUCACAO DE QUALIDADE PARA TODOS";"3 - DESPESAS CORRENTES";"3 - Outras Despesas Correntes";"00 - Não informado";"108.050,00";"108.050,00";"0,00";"0,00%";
"2019";"26420 - Instituto Federal Farroupilha";"363 - Ensino profissional";"2080 - EDUCACAO DE QUALIDADE PARA TODOS";"3 - DESPESAS CORRENTES";"3 - Outras Despesas Correntes";"40 - Serviços de Tecnologia da Informação e Comunicação";"4.647,05";"4.647,05";"0,00";"0,00%";
"2019";"26416 - Instituto Federal do Pará";"363 - Ensino profissional";"2080 - EDUCACAO DE QUALIDADE PARA TODOS";"3 - DESPESAS CORRENTES";"3 - Outras Despesas Correntes";"39 - Outros Serviços de Terceiros - Pessoa Jurídica";"461.724,81";"461.724,81";"309.979,59";"67.14%";
"2019";"26415 - Instituto Federal do Mato Grosso do Sul";"363 - Ensino profissional";"2080 - EDUCACAO DE QUALIDADE PARA TODOS";"3 - DESPESAS CORRENTES";"3 - Outras Despesas Correntes";"37 - Locação de Mão-de-Obra";"343.198,68";"343.198,68";"254.656,07";"74.20%";
"2019";"26413 - Instituto Federal do Triângulo Mineiro";"363 - Ensino profissional";"2080 - EDUCACAO DE QUALIDADE PARA TODOS";"3 - DESPESAS CORRENTES";"3 - Outras Despesas Correntes";"18 - Auxílio Financeiro a Estudantes";"2.316.844,81";"2.316.844,81";"1.639.130,89";"70.75%";
"2019";"26410 - Instituto Federal do Norte de Minas Gerais";"363 - Ensino profissional";"2080 - EDUCACAO DE QUALIDADE PARA TODOS";"3 - DESPESAS CORRENTES";"3 - Outras Despesas Correntes";"39 - Outros Serviços de Terceiros - Pessoa Jurídica";"725.722,97";"725.722,97";"469.506,90";"64.70%";
"2019";"26414 - Instituto Federal do Mato Grosso";"363 - Ensino profissional";"2080 - EDUCACAO DE QUALIDADE PARA TODOS";"4 - DESPESAS DE CAPITAL";"4 - Investimentos";"39 - Outros Serviços de Terceiros - Pessoa Jurídica";"32.800,00";"32.800,00";"6.000,00";"18.29%";
"2019";"26439 - Instituto Federal de São Paulo";"363 - Ensino profissional";"2080 - EDUCACAO DE QUALIDADE PARA TODOS";"3 - DESPESAS CORRENTES";"3 - Outras Despesas Correntes";"39 - Outros Serviços de Terceiros - Pessoa Jurídica";"292.089,07";"292.089,07";"169.309,43";"57.97%";
"2019";"26433 - Instituto Federal do Rio de Janeiro";"363 - Ensino profissional";"2080 - EDUCACAO DE QUALIDADE PARA TODOS";"3 - DESPESAS CORRENTES";"3 - Outras Despesas Correntes";"18 - Auxílio Financeiro a Estudantes";"4.769.317,32";"4.769.317,32";"3.370.571,50";"70.67%";
"2019";"26422 - Instituto Federal Catarinense";"363 - Ensino profissional";"2080 - EDUCACAO DE QUALIDADE PARA TODOS";"3 - DESPESAS CORRENTES";"3 - Outras Despesas Correntes";"18 - Auxílio Financeiro a Estudantes";"5.349.802,13";"5.349.802,13";"4.273.501,19";"79.88%";
"2019";"26404 - Instituto Federal Baiano";"363 - Ensino profissional";"2080 - EDUCACAO DE QUALIDADE PARA TODOS";"3 - DESPESAS CORRENTES";"3 - Outras Despesas Correntes";"30 - Material de Consumo";"4.933.655,22";"4.933.655,22";"812.106,19";"16.46%";
"2019";"26406 - Instituto Federal do Espírito Santo";"363 - Ensino profissional";"2080 - EDUCACAO DE QUALIDADE PARA TODOS";"3 - DESPESAS CORRENTES";"3 - Outras Despesas Correntes";"18 - Auxílio Financeiro a Estudantes";"7.379.236,87";"7.379.236,87";"6.364.382,47";"86.25%";
"2019";"26428 - Instituto Federal de Brasília";"363 - Ensino profissional";"2080 - EDUCACAO DE QUALIDADE PARA TODOS";"3 - DESPESAS CORRENTES";"3 - Outras Despesas Correntes";"39 - Outros Serviços de Terceiros - Pessoa Jurídica";"54.781,77";"54.781,77";"15.695,96";"28.65%";
"2019";"26427 - Instituto Federal da Bahia";"363 - Ensino profissional";"2080 - EDUCACAO DE QUALIDADE PARA TODOS";"3 - DESPESAS CORRENTES";"3 - Outras Despesas Correntes";"32 - Material, Bem ou Serviço para Distribuição Gratuita";"314.994,17";"314.994,17";"131.551,26";"41.76%";
"2019";"26420 - Instituto Federal Farroupilha";"363 - Ensino profissional";"2080 - EDUCACAO DE QUALIDADE PARA TODOS";"3 - DESPESAS CORRENTES";"3 - Outras Despesas Correntes";"00 - Não informado";"5.262.170,49";"5.262.170,49";"0,00";"0,00%";
"2019";"26434 - Instituto Federal Fluminense";"363 - Ensino profissional";"2080 - EDUCACAO DE QUALIDADE PARA TODOS";"3 - DESPESAS CORRENTES";"3 - Outras Despesas Correntes";"30 - Material de Consumo";"1.004.793,78";"1.004.793,78";"298.950,35";"29.75%";
"2019";"26409 - Instituto Federal de Minas Gerais";"363 - Ensino profissional";"2080 - EDUCACAO DE QUALIDADE PARA TODOS";"4 - DESPESAS DE CAPITAL";"4 - Investimentos";"52 - Equipamentos e Material Permanente";"40.078,00";"40.078,00";"0,00";"0,00%";
"2019";"26436 - Instituto Federal Sul-rio-grandense";"363 - Ensino profissional";"2080 - EDUCACAO DE QUALIDADE PARA TODOS";"3 - DESPESAS CORRENTES";"3 - Outras Despesas Correntes";"00 - Não informado";"3.404.596,43";"3.404.596,43";"0,00";"0,00%";
"2019";"26433 - Instituto Federal do Rio de Janeiro";"363 - Ensino profissional";"2080 - EDUCACAO DE QUALIDADE PARA TODOS";"3 - DESPESAS CORRENTES";"3 - Outras Despesas Correntes";"30 - Material de Consumo";"7.920,00";"7.920,00";"0,00";"0,00%";
"2019";"26403 - Instituto Federal do Amazonas";"363 - Ensino profissional";"2080 - EDUCACAO DE QUALIDADE PARA TODOS";"3 - DESPESAS CORRENTES";"3 - Outras Despesas Correntes";"92 - Despesas de Exercícios Anteriores";"400,00";"400,00";"400,00";"100.00%";
"2019";"26427 - Instituto Federal da Bahia";"363 - Ensino profissional";"2080 - EDUCACAO DE QUALIDADE PARA TODOS";"3 - DESPESAS CORRENTES";"3 - Outras Despesas Correntes";"18 - Auxílio Financeiro a Estudantes";"11.208.911,40";"11.208.911,40";"2.968.209,32";"26.48%";
"2019";"26405 - Instituto Federal do Ceará";"363 - Ensino profissional";"2080 - EDUCACAO DE QUALIDADE PARA TODOS";"3 - DESPESAS CORRENTES";"3 - Outras Despesas Correntes";"36 - Outros Serviços de Terceiros - Pessoa Física";"1.800,00";"1.800,00";"1.800,00";"100.00%";
"2019";"26405 - Instituto Federal do Ceará";"363 - Ensino profissional";"2080 - EDUCACAO DE QUALIDADE PARA TODOS";"3 - DESPESAS CORRENTES";"3 - Outras Despesas Correntes";"37 - Locação de Mão-de-Obra";"4.898,25";"4.898,25";"3.817,42";"77.93%";
"2019";"26412 - Instituto Federal do Sul de Minas Gerais";"363 - Ensino profissional";"2080 - EDUCACAO DE QUALIDADE PARA TODOS";"3 - DESPESAS CORRENTES";"3 - Outras Despesas Correntes";"18 - Auxílio Financeiro a Estudantes";"3.465.850,00";"3.465.850,00";"2.701.610,99";"77.95%";
"2019";"26412 - Instituto Federal do Sul de Minas Gerais";"363 - Ensino profissional";"2080 - EDUCACAO DE QUALIDADE PARA TODOS";"3 - DESPESAS CORRENTES";"3 - Outras Despesas Correntes";"39 - Outros Serviços de Terceiros - Pessoa Jurídica";"1.193.648,43";"1.193.648,43";"562.777,10";"47.15%";
"2019";"26257 - Centro Federal de Educação Tecnológica de Minas Gerais";"363 - Ensino profissional";"2080 - EDUCACAO DE QUALIDADE PARA TODOS";"3 - DESPESAS CORRENTES";"3 - Outras Despesas Correntes";"37 - Locação de Mão-de-Obra";"2.472.836,94";"2.472.836,94";"1.894.361,47";"76.61%";
"2019";"26405 - Instituto Federal do Ceará";"363 - Ensino profissional";"2080 - EDUCACAO DE QUALIDADE PARA TODOS";"3 - DESPESAS CORRENTES";"3 - Outras Despesas Correntes";"33 - Passagens e Despesas com Locomoção";"462.218,53";"462.218,53";"204.300,78";"44.20%";
"2019";"26414 - Instituto Federal do Mato Grosso";"363 - Ensino profissional";"2080 - EDUCACAO DE QUALIDADE PARA TODOS";"3 - DESPESAS CORRENTES";"3 - Outras Despesas Correntes";"39 - Outros Serviços de Terceiros - Pessoa Jurídica";"1.628.822,19";"1.628.822,19";"760.478,01";"46.69%";
"2019";"26417 - Instituto Federal da Paraíba";"363 - Ensino profissional";"2080 - EDUCACAO DE QUALIDADE PARA TODOS";"3 - DESPESAS CORRENTES";"3 - Outras Despesas Correntes";"00 - Não informado";"5.234.925,93";"5.234.925,93";"0,00";"0,00%";
"2019";"26436 - Instituto Federal Sul-rio-grandense";"363 - Ensino profissional";"2080 - EDUCACAO DE QUALIDADE PARA TODOS";"3 - DESPESAS CORRENTES";"3 - Outras Despesas Correntes";"37 - Locação de Mão-de-Obra";"460.983,28";"460.983,28";"318.996,71";"69.20%";
"2019";"26407 - Instituto Federal Goiano";"363 - Ensino profissional";"2080 - EDUCACAO DE QUALIDADE PARA TODOS";"4 - DESPESAS DE CAPITAL";"4 - Investimentos";"00 - Não informado";"601.332,00";"601.332,00";"0,00";"0,00%";
"2019";"26249 - Universidade Federal Rural do Rio de Janeiro ";"363 - Ensino profissional";"2080 - EDUCACAO DE QUALIDADE PARA TODOS";"3 - DESPESAS CORRENTES";"3 - Outras Despesas Correntes";"18 - Auxílio Financeiro a Estudantes";"642.150,00";"642.150,00";"80.240,00";"12.50%";
"2019";"26274 - Fundação Universidade Federal de Uberlândia ";"363 - Ensino profissional";"2080 - EDUCACAO DE QUALIDADE PARA TODOS";"4 - DESPESAS DE CAPITAL";"4 - Investimentos";"00 - Não informado";"49.342,73";"49.342,73";"0,00";"0,00%";
"2019";"26406 - Instituto Federal do Espírito Santo";"363 - Ensino profissional";"2080 - EDUCACAO DE QUALIDADE PARA TODOS";"3 - DESPESAS CORRENTES";"3 - Outras Despesas Correntes";"36 - Outros Serviços de Terceiros - Pessoa Física";"34.433,25";"34.433,25";"23.744,65";"68.96%";
"2019";"26421 - Instituto Federal de Rondônia";"363 - Ensino profissional";"2080 - EDUCACAO DE QUALIDADE PARA TODOS";"3 - DESPESAS CORRENTES";"3 - Outras Despesas Correntes";"20 - Auxílio Financeiro a Pesquisadores";"2.000,00";"2.000,00";"0,00";"0,00%";
"2019";"26406 - Instituto Federal do Espírito Santo";"363 - Ensino profissional";"2080 - EDUCACAO DE QUALIDADE PARA TODOS";"3 - DESPESAS CORRENTES";"3 - Outras Despesas Correntes";"00 - Não informado";"6.781.966,07";"6.781.966,07";"0,00";"0,00%";
"2019";"26256 - Centro Federal de Educação Tecnológica Celso Suckow da Fonseca";"363 - Ensino profissional";"2080 - EDUCACAO DE QUALIDADE PARA TODOS";"3 - DESPESAS CORRENTES";"3 - Outras Despesas Correntes";"00 - Não informado";"1.229.289,00";"1.229.289,00";"0,00";"0,00%";
"2019";"26419 - Instituto Federal do Rio Grande do Sul";"363 - Ensino profissional";"2080 - EDUCACAO DE QUALIDADE PARA TODOS";"3 - DESPESAS CORRENTES";"3 - Outras Despesas Correntes";"48 - Outros Auxílios Financeiros a Pessoas Físicas";"27.500,00";"27.500,00";"18.250,00";"66.36%";
"2019";"26427 - Instituto Federal da Bahia";"363 - Ensino profissional";"2080 - EDUCACAO DE QUALIDADE PARA TODOS";"3 - DESPESAS CORRENTES";"3 - Outras Despesas Correntes";"47 - Obrigações Tributárias e Contributivas";"3.014,29";"3.014,29";"768,00";"25.48%";
"2019";"26423 - Instituto Federal de Sergipe";"363 - Ensino profissional";"2080 - EDUCACAO DE QUALIDADE PARA TODOS";"3 - DESPESAS CORRENTES";"3 - Outras Despesas Correntes";"18 - Auxílio Financeiro a Estudantes";"3.581.230,63";"3.581.230,63";"2.564.496,57";"71.61%";
"2019";"26240 - Universidade Federal da Paraíba";"363 - Ensino profissional";"2080 - EDUCACAO DE QUALIDADE PARA TODOS";"3 - DESPESAS CORRENTES";"3 - Outras Despesas Correntes";"18 - Auxílio Financeiro a Estudantes";"719.338,80";"719.338,80";"163.849,20";"22.78%";
"2019";"26434 - Instituto Federal Fluminense";"363 - Ensino profissional";"2080 - EDUCACAO DE QUALIDADE PARA TODOS";"3 - DESPESAS CORRENTES";"3 - Outras Despesas Correntes";"00 - Não informado";"3.958.594,26";"3.958.594,26";"0,00";"0,00%";
"2019";"26425 - Instituto Federal do Acre";"363 - Ensino profissional";"2080 - EDUCACAO DE QUALIDADE PARA TODOS";"3 - DESPESAS CORRENTES";"3 - Outras Despesas Correntes";"00 - Não informado";"744.534,51";"744.534,51";"0,00";"0,00%";
"2019";"26274 - Fundação Universidade Federal de Uberlândia ";"363 - Ensino profissional";"2080 - EDUCACAO DE QUALIDADE PARA TODOS";"4 - DESPESAS DE CAPITAL";"4 - Investimentos";"52 - Equipamentos e Material Permanente";"657,27";"657,27";"599,70";"91.24%";
"2019";"26408 - Instituto Federal do Maranhão";"363 - Ensino profissional";"2080 - EDUCACAO DE QUALIDADE PARA TODOS";"3 - DESPESAS CORRENTES";"3 - Outras Despesas Correntes";"37 - Locação de Mão-de-Obra";"4.823,35";"4.823,35";"0,00";"0,00%";
"2019";"26257 - Centro Federal de Educação Tecnológica de Minas Gerais";"363 - Ensino profissional";"2080 - EDUCACAO DE QUALIDADE PARA TODOS";"3 - DESPESAS CORRENTES";"3 - Outras Despesas Correntes";"32 - Material, Bem ou Serviço para Distribuição Gratuita";"22.486,60";"22.486,60";"1.195,00";"5.31%";
"2019";"26435 - Instituto Federal do Rio Grande do Norte";"363 - Ensino profissional";"2080 - EDUCACAO DE QUALIDADE PARA TODOS";"4 - DESPESAS DE CAPITAL";"4 - Investimentos";"52 - Equipamentos e Material Permanente";"3.049,98";"3.049,98";"0,00";"0,00%";
"2019";"26420 - Instituto Federal Farroupilha";"363 - Ensino profissional";"2080 - EDUCACAO DE QUALIDADE PARA TODOS";"3 - DESPESAS CORRENTES";"3 - Outras Despesas Correntes";"30 - Material de Consumo";"950.179,37";"950.179,37";"502.501,14";"52.88%";
"2019";"26408 - Instituto Federal do Maranhão";"363 - Ensino profissional";"2080 - EDUCACAO DE QUALIDADE PARA TODOS";"3 - DESPESAS CORRENTES";"3 - Outras Despesas Correntes";"00 - Não informado";"7.405.297,99";"7.255.297,99";"0,00";"0,00%";
"2019";"26433 - Instituto Federal do Rio de Janeiro";"363 - Ensino profissional";"2080 - EDUCACAO DE QUALIDADE PARA TODOS";"3 - DESPESAS CORRENTES";"3 - Outras Despesas Correntes";"33 - Passagens e Despesas com Locomoção";"215.065,72";"215.065,72";"203.654,97";"94.69%";
"2019";"26414 - Instituto Federal do Mato Grosso";"363 - Ensino profissional";"2080 - EDUCACAO DE QUALIDADE PARA TODOS";"3 - DESPESAS CORRENTES";"3 - Outras Despesas Correntes";"18 - Auxílio Financeiro a Estudantes";"8.225.664,00";"8.225.664,00";"4.225.709,31";"51.37%";
"2019";"26238 - Universidade Federal de Minas Gerais";"363 - Ensino profissional";"2080 - EDUCACAO DE QUALIDADE PARA TODOS";"3 - DESPESAS CORRENTES";"3 - Outras Despesas Correntes";"39 - Outros Serviços de Terceiros - Pessoa Jurídica";"395.472,28";"395.472,28";"311.314,71";"78.72%";
"2019";"26404 - Instituto Federal Baiano";"363 - Ensino profissional";"2080 - EDUCACAO DE QUALIDADE PARA TODOS";"3 - DESPESAS CORRENTES";"3 - Outras Despesas Correntes";"39 - Outros Serviços de Terceiros - Pessoa Jurídica";"371.080,68";"371.080,68";"272.688,76";"73.49%";
"2019";"26432 - Instituto Federal do Paraná";"363 - Ensino profissional";"2080 - EDUCACAO DE QUALIDADE PARA TODOS";"3 - DESPESAS CORRENTES";"3 - Outras Despesas Correntes";"18 - Auxílio Financeiro a Estudantes";"8.591.748,00";"8.591.748,00";"6.512.765,27";"75.80%";
"2019";"26405 - Instituto Federal do Ceará";"363 - Ensino profissional";"2080 - EDUCACAO DE QUALIDADE PARA TODOS";"3 - DESPESAS CORRENTES";"3 - Outras Despesas Correntes";"32 - Material, Bem ou Serviço para Distribuição Gratuita";"2.601.268,56";"2.601.268,56";"1.352.236,55";"51.98%";
"2019";"26427 - Instituto Federal da Bahia";"363 - Ensino profissional";"2080 - EDUCACAO DE QUALIDADE PARA TODOS";"3 - DESPESAS CORRENTES";"3 - Outras Despesas Correntes";"92 - Despesas de Exercícios Anteriores";"27.167,60";"27.167,60";"0,00";"0,00%";
"2019";"26406 - Instituto Federal do Espírito Santo";"363 - Ensino profissional";"2080 - EDUCACAO DE QUALIDADE PARA TODOS";"3 - DESPESAS CORRENTES";"3 - Outras Despesas Correntes";"32 - Material, Bem ou Serviço para Distribuição Gratuita";"720,00";"720,00";"720,00";"100.00%";
"2019";"26403 - Instituto Federal do Amazonas";"363 - Ensino profissional";"2080 - EDUCACAO DE QUALIDADE PARA TODOS";"3 - DESPESAS CORRENTES";"3 - Outras Despesas Correntes";"37 - Locação de Mão-de-Obra";"127.460,76";"127.460,76";"48.553,05";"38.09%";
"2019";"26417 - Instituto Federal da Paraíba";"363 - Ensino profissional";"2080 - EDUCACAO DE QUALIDADE PARA TODOS";"3 - DESPESAS CORRENTES";"3 - Outras Despesas Correntes";"18 - Auxílio Financeiro a Estudantes";"7.783.437,20";"7.783.437,20";"6.560.987,87";"84.29%";
"2019";"26419 - Instituto Federal do Rio Grande do Sul";"363 - Ensino profissional";"2080 - EDUCACAO DE QUALIDADE PARA TODOS";"3 - DESPESAS CORRENTES";"3 - Outras Despesas Correntes";"00 - Não informado";"4.040.134,23";"4.151.134,23";"0,00";"0,00%";
"2019";"26430 - Instituto Federal do Sertão de Pernambuco";"363 - Ensino profissional";"2080 - EDUCACAO DE QUALIDADE PARA TODOS";"3 - DESPESAS CORRENTES";"3 - Outras Despesas Correntes";"00 - Não informado";"1.770.346,08";"1.770.346,08";"0,00";"0,00%";
"2019";"26438 - Instituto Federal de Santa Catarina";"363 - Ensino profissional";"2080 - EDUCACAO DE QUALIDADE PARA TODOS";"3 - DESPESAS CORRENTES";"3 - Outras Despesas Correntes";"32 - Material, Bem ou Serviço para Distribuição Gratuita";"42.620,49";"42.620,49";"10.744,25";"25.21%";
"2019";"26247 - Universidade Federal de Santa Maria";"363 - Ensino profissional";"2080 - EDUCACAO DE QUALIDADE PARA TODOS";"3 - DESPESAS CORRENTES";"3 - Outras Despesas Correntes";"30 - Material de Consumo";"1.056.710,41";"1.056.710,41";"2.537,50";"0.24%";
"2019";"26428 - Instituto Federal de Brasília";"363 - Ensino profissional";"2080 - EDUCACAO DE QUALIDADE PARA TODOS";"4 - DESPESAS DE CAPITAL";"4 - Investimentos";"00 - Não informado";"380.000,00";"380.000,00";"0,00";"0,00%";
"2019";"26405 - Instituto Federal do Ceará";"363 - Ensino profissional";"2080 - EDUCACAO DE QUALIDADE PARA TODOS";"3 - DESPESAS CORRENTES";"3 - Outras Despesas Correntes";"18 - Auxílio Financeiro a Estudantes";"10.114.391,77";"10.114.391,77";"7.252.872,24";"71.71%";
"2019";"26430 - Instituto Federal do Sertão de Pernambuco";"363 - Ensino profissional";"2080 - EDUCACAO DE QUALIDADE PARA TODOS";"3 - DESPESAS CORRENTES";"3 - Outras Despesas Correntes";"39 - Outros Serviços de Terceiros - Pessoa Jurídica";"126.911,90";"126.911,90";"29.351,51";"23.13%";
"2019";"26432 - Instituto Federal do Paraná";"363 - Ensino profissional";"2080 - EDUCACAO DE QUALIDADE PARA TODOS";"3 - DESPESAS CORRENTES";"3 - Outras Despesas Correntes";"39 - Outros Serviços de Terceiros - Pessoa Jurídica";"203.176,50";"203.176,50";"14.539,00";"7.16%";
"2019";"26431 - Instituto Federal do Piauí";"363 - Ensino profissional";"2080 - EDUCACAO DE QUALIDADE PARA TODOS";"3 - DESPESAS CORRENTES";"3 - Outras Despesas Correntes";"00 - Não informado";"3.354.554,72";"3.354.554,72";"0,00";"0,00%";
"2019";"26429 - Instituto Federal de Educação, Ciência e Tecnologia de Goiás";"363 - Ensino profissional";"2080 - EDUCACAO DE QUALIDADE PARA TODOS";"3 - DESPESAS CORRENTES";"3 - Outras Despesas Correntes";"39 - Outros Serviços de Terceiros - Pessoa Jurídica";"1.949.620,57";"1.949.620,57";"1.670.796,78";"85.70%";
"2019";"26428 - Instituto Federal de Brasília";"363 - Ensino profissional";"2080 - EDUCACAO DE QUALIDADE PARA TODOS";"3 - DESPESAS CORRENTES";"3 - Outras Despesas Correntes";"18 - Auxílio Financeiro a Estudantes";"3.588.549,56";"3.588.549,56";"2.153.938,31";"60.02%";
"2019";"26424 - Instituto Federal do Tocantins";"363 - Ensino profissional";"2080 - EDUCACAO DE QUALIDADE PARA TODOS";"3 - DESPESAS CORRENTES";"3 - Outras Despesas Correntes";"00 - Não informado";"3.168.789,03";"3.168.789,03";"0,00";"0,00%";
"2019";"26417 - Instituto Federal da Paraíba";"363 - Ensino profissional";"2080 - EDUCACAO DE QUALIDADE PARA TODOS";"3 - DESPESAS CORRENTES";"3 - Outras Despesas Correntes";"30 - Material de Consumo";"535.771,96";"535.771,96";"101.357,33";"18.92%";
"2019";"26415 - Instituto Federal do Mato Grosso do Sul";"363 - Ensino profissional";"2080 - EDUCACAO DE QUALIDADE PARA TODOS";"3 - DESPESAS CORRENTES";"3 - Outras Despesas Correntes";"92 - Despesas de Exercícios Anteriores";"4.245,00";"4.245,00";"395,00";"9.31%";
"2019";"26431 - Instituto Federal do Piauí";"363 - Ensino profissional";"2080 - EDUCACAO DE QUALIDADE PARA TODOS";"3 - DESPESAS CORRENTES";"3 - Outras Despesas Correntes";"39 - Outros Serviços de Terceiros - Pessoa Jurídica";"42.390,00";"42.390,00";"0,00";"0,00%";
"2019";"26404 - Instituto Federal Baiano";"363 - Ensino profissional";"2080 - EDUCACAO DE QUALIDADE PARA TODOS";"3 - DESPESAS CORRENTES";"3 - Outras Despesas Correntes";"36 - Outros Serviços de Terceiros - Pessoa Física";"1.400,00";"1.400,00";"0,00";"0,00%";
"2019";"26435 - Instituto Federal do Rio Grande do Norte";"363 - Ensino profissional";"2080 - EDUCACAO DE QUALIDADE PARA TODOS";"3 - DESPESAS CORRENTES";"3 - Outras Despesas Correntes";"39 - Outros Serviços de Terceiros - Pessoa Jurídica";"607.048,00";"607.048,00";"215.452,30";"35.49%";
"2019";"26432 - Instituto Federal do Paraná";"363 - Ensino profissional";"2080 - EDUCACAO DE QUALIDADE PARA TODOS";"3 - DESPESAS CORRENTES";"3 - Outras Despesas Correntes";"30 - Material de Consumo";"67.500,00";"67.500,00";"0,00";"0,00%";
"2019";"26403 - Instituto Federal do Amazonas";"363 - Ensino profissional";"2080 - EDUCACAO DE QUALIDADE PARA TODOS";"3 - DESPESAS CORRENTES";"3 - Outras Despesas Correntes";"32 - Material, Bem ou Serviço para Distribuição Gratuita";"605.368,84";"605.368,84";"192.276,15";"31.76%";
"2019";"26439 - Instituto Federal de São Paulo";"363 - Ensino profissional";"2080 - EDUCACAO DE QUALIDADE PARA TODOS";"3 - DESPESAS CORRENTES";"3 - Outras Despesas Correntes";"32 - Material, Bem ou Serviço para Distribuição Gratuita";"438.156,30";"438.156,30";"334.947,39";"76.44%";
"2019";"26404 - Instituto Federal Baiano";"363 - Ensino profissional";"2080 - EDUCACAO DE QUALIDADE PARA TODOS";"3 - DESPESAS CORRENTES";"3 - Outras Despesas Correntes";"18 - Auxílio Financeiro a Estudantes";"4.317.752,13";"4.317.752,13";"1.346.187,71";"31.18%";
"2019";"26420 - Instituto Federal Farroupilha";"363 - Ensino profissional";"2080 - EDUCACAO DE QUALIDADE PARA TODOS";"3 - DESPESAS CORRENTES";"3 - Outras Despesas Correntes";"18 - Auxílio Financeiro a Estudantes";"2.110.554,76";"2.110.554,76";"1.514.960,00";"71.78%";
"2019";"26411 - Instituto Federal do Sudeste de Minas Gerais";"363 - Ensino profissional";"2080 - EDUCACAO DE QUALIDADE PARA TODOS";"3 - DESPESAS CORRENTES";"3 - Outras Despesas Correntes";"18 - Auxílio Financeiro a Estudantes";"5.345.952,41";"5.345.952,41";"3.220.421,06";"60.24%";
"2019";"26415 - Instituto Federal do Mato Grosso do Sul";"363 - Ensino profissional";"2080 - EDUCACAO DE QUALIDADE PARA TODOS";"3 - DESPESAS CORRENTES";"3 - Outras Despesas Correntes";"00 - Não informado";"1.214.227,42";"1.464.227,42";"0,00";"0,00%";
"2019";"26438 - Instituto Federal de Santa Catarina";"363 - Ensino profissional";"2080 - EDUCACAO DE QUALIDADE PARA TODOS";"3 - DESPESAS CORRENTES";"3 - Outras Despesas Correntes";"18 - Auxílio Financeiro a Estudantes";"11.179.005,00";"11.179.005,00";"7.518.465,00";"67.26%";
"2019";"26274 - Fundação Universidade Federal de Uberlândia ";"363 - Ensino profissional";"2080 - EDUCACAO DE QUALIDADE PARA TODOS";"3 - DESPESAS CORRENTES";"3 - Outras Despesas Correntes";"18 - Auxílio Financeiro a Estudantes";"369.100,00";"369.100,00";"0,00";"0,00%";
"2019";"26407 - Instituto Federal Goiano";"363 - Ensino profissional";"2080 - EDUCACAO DE QUALIDADE PARA TODOS";"3 - DESPESAS CORRENTES";"3 - Outras Despesas Correntes";"36 - Outros Serviços de Terceiros - Pessoa Física";"14.730,00";"14.730,00";"14.730,00";"100.00%";
"2019";"26438 - Instituto Federal de Santa Catarina";"363 - Ensino profissional";"2080 - EDUCACAO DE QUALIDADE PARA TODOS";"3 - DESPESAS CORRENTES";"3 - Outras Despesas Correntes";"37 - Locação de Mão-de-Obra";"55.948,62";"55.948,62";"40.713,37";"72.77%";
"2019";"26410 - Instituto Federal do Norte de Minas Gerais";"363 - Ensino profissional";"2080 - EDUCACAO DE QUALIDADE PARA TODOS";"3 - DESPESAS CORRENTES";"3 - Outras Despesas Correntes";"30 - Material de Consumo";"1.968.724,86";"1.968.724,86";"359.853,06";"18.28%";
"2019";"26435 - Instituto Federal do Rio Grande do Norte";"363 - Ensino profissional";"2080 - EDUCACAO DE QUALIDADE PARA TODOS";"3 - DESPESAS CORRENTES";"3 - Outras Despesas Correntes";"32 - Material, Bem ou Serviço para Distribuição Gratuita";"1.375.714,55";"1.375.714,55";"215.211,13";"15.64%";
"2019";"26412 - Instituto Federal do Sul de Minas Gerais";"363 - Ensino profissional";"2080 - EDUCACAO DE QUALIDADE PARA TODOS";"4 - DESPESAS DE CAPITAL";"4 - Investimentos";"52 - Equipamentos e Material Permanente";"23.180,00";"23.180,00";"3.180,00";"13.72%";
"2019";"26409 - Instituto Federal de Minas Gerais";"363 - Ensino profissional";"2080 - EDUCACAO DE QUALIDADE PARA TODOS";"3 - DESPESAS CORRENTES";"3 - Outras Despesas Correntes";"30 - Material de Consumo";"1.386.313,83";"1.386.313,83";"373.485,28";"26.94%";
"2019";"26411 - Instituto Federal do Sudeste de Minas Gerais";"363 - Ensino profissional";"2080 - EDUCACAO DE QUALIDADE PARA TODOS";"3 - DESPESAS CORRENTES";"3 - Outras Despesas Correntes";"39 - Outros Serviços de Terceiros - Pessoa Jurídica";"1.259.029,81";"1.259.029,81";"767.252,13";"60.94%";
"2019";"26436 - Instituto Federal Sul-rio-grandense";"363 - Ensino profissional";"2080 - EDUCACAO DE QUALIDADE PARA TODOS";"3 - DESPESAS CORRENTES";"3 - Outras Despesas Correntes";"30 - Material de Consumo";"119.559,11";"119.559,11";"25.273,87";"21.14%";
"2019";"26435 - Instituto Federal do Rio Grande do Norte";"363 - Ensino profissional";"2080 - EDUCACAO DE QUALIDADE PARA TODOS";"3 - DESPESAS CORRENTES";"3 - Outras Despesas Correntes";"30 - Material de Consumo";"95.676,04";"95.676,04";"45.225,47";"47.27%";
"2019";"26436 - Instituto Federal Sul-rio-grandense";"363 - Ensino profissional";"2080 - EDUCACAO DE QUALIDADE PARA TODOS";"3 - DESPESAS CORRENTES";"3 - Outras Despesas Correntes";"39 - Outros Serviços de Terceiros - Pessoa Jurídica";"838.410,65";"838.410,65";"709.165,78";"84.58%";
"2019";"26439 - Instituto Federal de São Paulo";"363 - Ensino profissional";"2080 - EDUCACAO DE QUALIDADE PARA TODOS";"3 - DESPESAS CORRENTES";"3 - Outras Despesas Correntes";"92 - Despesas de Exercícios Anteriores";"1.431,00";"1.431,00";"1.431,00";"100.00%";
"2019";"26416 - Instituto Federal do Pará";"363 - Ensino profissional";"2080 - EDUCACAO DE QUALIDADE PARA TODOS";"3 - DESPESAS CORRENTES";"3 - Outras Despesas Correntes";"00 - Não informado";"6.885.744,71";"6.885.744,71";"0,00";"0,00%";
"2019";"26425 - Instituto Federal do Acre";"363 - Ensino profissional";"2080 - EDUCACAO DE QUALIDADE PARA TODOS";"3 - DESPESAS CORRENTES";"3 - Outras Despesas Correntes";"18 - Auxílio Financeiro a Estudantes";"2.230.690,00";"2.230.690,00";"1.106.680,00";"49.61%";
"2019";"26412 - Instituto Federal do Sul de Minas Gerais";"363 - Ensino profissional";"2080 - EDUCACAO DE QUALIDADE PARA TODOS";"4 - DESPESAS DE CAPITAL";"4 - Investimentos";"00 - Não informado";"1.026.820,00";"1.026.820,00";"0,00";"0,00%";
"2019";"26425 - Instituto Federal do Acre";"363 - Ensino profissional";"2080 - EDUCACAO DE QUALIDADE PARA TODOS";"3 - DESPESAS CORRENTES";"3 - Outras Despesas Correntes";"32 - Material, Bem ou Serviço para Distribuição Gratuita";"347.432,50";"347.432,50";"127.888,00";"36.81%";
"2019";"26421 - Instituto Federal de Rondônia";"363 - Ensino profissional";"2080 - EDUCACAO DE QUALIDADE PARA TODOS";"3 - DESPESAS CORRENTES";"3 - Outras Despesas Correntes";"18 - Auxílio Financeiro a Estudantes";"4.554.494,87";"4.554.494,87";"3.455.440,14";"75.87%";
"2019";"26257 - Centro Federal de Educação Tecnológica de Minas Gerais";"363 - Ensino profissional";"2080 - EDUCACAO DE QUALIDADE PARA TODOS";"3 - DESPESAS CORRENTES";"3 - Outras Despesas Correntes";"30 - Material de Consumo";"1.133,40";"1.133,40";"1.133,40";"100.00%";
"2019";"26424 - Instituto Federal do Tocantins";"363 - Ensino profissional";"2080 - EDUCACAO DE QUALIDADE PARA TODOS";"3 - DESPESAS CORRENTES";"3 - Outras Despesas Correntes";"18 - Auxílio Financeiro a Estudantes";"4.278.300,99";"4.278.300,99";"3.350.012,01";"78.30%";
"2019";"26405 - Instituto Federal do Ceará";"363 - Ensino profissional";"2080 - EDUCACAO DE QUALIDADE PARA TODOS";"3 - DESPESAS CORRENTES";"3 - Outras Despesas Correntes";"39 - Outros Serviços de Terceiros - Pessoa Jurídica";"883.270,84";"883.270,84";"555.664,96";"62.91%";
"2019";"26439 - Instituto Federal de São Paulo";"363 - Ensino profissional";"2080 - EDUCACAO DE QUALIDADE PARA TODOS";"3 - DESPESAS CORRENTES";"3 - Outras Despesas Correntes";"00 - Não informado";"6.389.973,41";"6.389.973,41";"0,00";"0,00%";
"2019";"26414 - Instituto Federal do Mato Grosso";"363 - Ensino profissional";"2080 - EDUCACAO DE QUALIDADE PARA TODOS";"3 - DESPESAS CORRENTES";"3 - Outras Despesas Correntes";"37 - Locação de Mão-de-Obra";"716.427,27";"716.427,27";"414.097,34";"57.80%";
"2019";"26434 - Instituto Federal Fluminense";"363 - Ensino profissional";"2080 - EDUCACAO DE QUALIDADE PARA TODOS";"3 - DESPESAS CORRENTES";"3 - Outras Despesas Correntes";"32 - Material, Bem ou Serviço para Distribuição Gratuita";"15.467,05";"15.467,05";"0,00";"0,00%";
"2019";"26434 - Instituto Federal Fluminense";"363 - Ensino profissional";"2080 - EDUCACAO DE QUALIDADE PARA TODOS";"3 - DESPESAS CORRENTES";"3 - Outras Despesas Correntes";"18 - Auxílio Financeiro a Estudantes";"5.537.604,74";"5.537.604,74";"4.814.095,21";"86.93%";
"2019";"26418 - Instituto Federal de Pernambuco";"363 - Ensino profissional";"2080 - EDUCACAO DE QUALIDADE PARA TODOS";"3 - DESPESAS CORRENTES";"3 - Outras Despesas Correntes";"92 - Despesas de Exercícios Anteriores";"50.762,45";"50.762,45";"50.762,45";"100.00%";
"2019";"26422 - Instituto Federal Catarinense";"363 - Ensino profissional";"2080 - EDUCACAO DE QUALIDADE PARA TODOS";"3 - DESPESAS CORRENTES";"3 - Outras Despesas Correntes";"30 - Material de Consumo";"959.768,07";"959.768,07";"551.516,35";"57.46%";
"2019";"26406 - Instituto Federal do Espírito Santo";"363 - Ensino profissional";"2080 - EDUCACAO DE QUALIDADE PARA TODOS";"3 - DESPESAS CORRENTES";"3 - Outras Despesas Correntes";"39 - Outros Serviços de Terceiros - Pessoa Jurídica";"773.039,16";"773.039,16";"587.586,09";"76.01%";
"2019";"26437 - Instituto Federal de Roraima";"363 - Ensino profissional";"2080 - EDUCACAO DE QUALIDADE PARA TODOS";"3 - DESPESAS CORRENTES";"3 - Outras Despesas Correntes";"33 - Passagens e Despesas com Locomoção";"1.089.879,18";"1.089.879,18";"872.569,56";"80.06%";
"2019";"26418 - Instituto Federal de Pernambuco";"363 - Ensino profissional";"2080 - EDUCACAO DE QUALIDADE PARA TODOS";"3 - DESPESAS CORRENTES";"3 - Outras Despesas Correntes";"18 - Auxílio Financeiro a Estudantes";"9.700.978,08";"9.700.978,08";"6.829.476,35";"70.40%";
"2019";"26248 - Universidade Federal Rural de Pernambuco";"363 - Ensino profissional";"2080 - EDUCACAO DE QUALIDADE PARA TODOS";"3 - DESPESAS CORRENTES";"3 - Outras Despesas Correntes";"18 - Auxílio Financeiro a Estudantes";"520.800,00";"520.800,00";"241.470,00";"46.37%";
"2019";"26406 - Instituto Federal do Espírito Santo";"363 - Ensino profissional";"2080 - EDUCACAO DE QUALIDADE PARA TODOS";"3 - DESPESAS CORRENTES";"3 - Outras Despesas Correntes";"33 - Passagens e Despesas com Locomoção";"942.186,58";"942.186,58";"729.346,15";"77.41%";
"2019";"26413 - Instituto Federal do Triângulo Mineiro";"363 - Ensino profissional";"2080 - EDUCACAO DE QUALIDADE PARA TODOS";"3 - DESPESAS CORRENTES";"3 - Outras Despesas Correntes";"30 - Material de Consumo";"30.621,72";"30.621,72";"12.833,29";"41.91%";
"2019";"26428 - Instituto Federal de Brasília";"363 - Ensino profissional";"2080 - EDUCACAO DE QUALIDADE PARA TODOS";"3 - DESPESAS CORRENTES";"3 - Outras Despesas Correntes";"30 - Material de Consumo";"505.030,63";"505.030,63";"72.154,77";"14.29%";
"2019";"26410 - Instituto Federal do Norte de Minas Gerais";"363 - Ensino profissional";"2080 - EDUCACAO DE QUALIDADE PARA TODOS";"3 - DESPESAS CORRENTES";"3 - Outras Despesas Correntes";"18 - Auxílio Financeiro a Estudantes";"5.349.325,86";"5.349.325,86";"4.058.997,26";"75.88%";
"2019";"26420 - Instituto Federal Farroupilha";"363 - Ensino profissional";"2080 - EDUCACAO DE QUALIDADE PARA TODOS";"3 - DESPESAS CORRENTES";"3 - Outras Despesas Correntes";"39 - Outros Serviços de Terceiros - Pessoa Jurídica";"3.446.120,97";"3.446.120,97";"2.196.102,16";"63.73%";
"2019";"26430 - Instituto Federal do Sertão de Pernambuco";"363 - Ensino profissional";"2080 - EDUCACAO DE QUALIDADE PARA TODOS";"3 - DESPESAS CORRENTES";"3 - Outras Despesas Correntes";"18 - Auxílio Financeiro a Estudantes";"3.119.268,82";"3.119.268,82";"2.188.071,19";"70.15%";
"2019";"26405 - Instituto Federal do Ceará";"363 - Ensino profissional";"2080 - EDUCACAO DE QUALIDADE PARA TODOS";"3 - DESPESAS CORRENTES";"3 - Outras Despesas Correntes";"30 - Material de Consumo";"491.163,23";"491.163,23";"215.857,79";"43.95%";
"2019";"26437 - Instituto Federal de Roraima";"363 - Ensino profissional";"2080 - EDUCACAO DE QUALIDADE PARA TODOS";"3 - DESPESAS CORRENTES";"3 - Outras Despesas Correntes";"00 - Não informado";"853.896,52";"1.323.703,52";"0,00";"0,00%";
"2019";"26436 - Instituto Federal Sul-rio-grandense";"363 - Ensino profissional";"2080 - EDUCACAO DE QUALIDADE PARA TODOS";"3 - DESPESAS CORRENTES";"3 - Outras Despesas Correntes";"18 - Auxílio Financeiro a Estudantes";"5.285.318,63";"5.285.318,63";"4.261.417,35";"80.63%";
"2019";"26431 - Instituto Federal do Piauí";"363 - Ensino profissional";"2080 - EDUCACAO DE QUALIDADE PARA TODOS";"3 - DESPESAS CORRENTES";"3 - Outras Despesas Correntes";"93 - Indenizações e Restituições";"1.561,52";"1.561,52";"881,29";"56.44%";
"2019";"26410 - Instituto Federal do Norte de Minas Gerais";"363 - Ensino profissional";"2080 - EDUCACAO DE QUALIDADE PARA TODOS";"3 - DESPESAS CORRENTES";"3 - Outras Despesas Correntes";"00 - Não informado";"3.200.712,31";"3.200.712,31";"0,00";"0,00%";
"2019";"26423 - Instituto Federal de Sergipe";"363 - Ensino profissional";"2080 - EDUCACAO DE QUALIDADE PARA TODOS";"3 - DESPESAS CORRENTES";"3 - Outras Despesas Correntes";"00 - Não informado";"2.920.626,20";"2.920.626,20";"0,00";"0,00%";
"2019";"26418 - Instituto Federal de Pernambuco";"363 - Ensino profissional";"2080 - EDUCACAO DE QUALIDADE PARA TODOS";"3 - DESPESAS CORRENTES";"3 - Outras Despesas Correntes";"00 - Não informado";"5.840.973,82";"5.840.973,82";"0,00";"0,00%";
"2019";"26239 - Universidade Federal do Pará";"363 - Ensino profissional";"2080 - EDUCACAO DE QUALIDADE PARA TODOS";"3 - DESPESAS CORRENTES";"3 - Outras Despesas Correntes";"00 - Não informado";"158.801,00";"158.801,00";"0,00";"0,00%";
"2019";"26426 - Instituto Federal do Amapá";"363 - Ensino profissional";"2080 - EDUCACAO DE QUALIDADE PARA TODOS";"3 - DESPESAS CORRENTES";"3 - Outras Despesas Correntes";"18 - Auxílio Financeiro a Estudantes";"1.240.738,18";"1.240.738,18";"863.975,01";"69.63%";
"2019";"26407 - Instituto Federal Goiano";"363 - Ensino profissional";"2080 - EDUCACAO DE QUALIDADE PARA TODOS";"4 - DESPESAS DE CAPITAL";"4 - Investimentos";"51 - Obras e Instalações";"33.959,00";"33.959,00";"0,00";"0,00%";
"2019";"26249 - Universidade Federal Rural do Rio de Janeiro ";"363 - Ensino profissional";"2080 - EDUCACAO DE QUALIDADE PARA TODOS";"3 - DESPESAS CORRENTES";"3 - Outras Despesas Correntes";"00 - Não informado";"300.000,00";"300.000,00";"0,00";"0,00%";
"2019";"26282 - Universidade Federal de Viçosa";"363 - Ensino profissional";"2080 - EDUCACAO DE QUALIDADE PARA TODOS";"3 - DESPESAS CORRENTES";"3 - Outras Despesas Correntes";"00 - Não informado";"995.902,11";"995.902,11";"0,00";"0,00%";
"2019";"26428 - Instituto Federal de Brasília";"363 - Ensino profissional";"2080 - EDUCACAO DE QUALIDADE PARA TODOS";"3 - DESPESAS CORRENTES";"3 - Outras Despesas Correntes";"00 - Não informado";"2.215.651,04";"2.215.651,04";"0,00";"0,00%";
"2019";"26414 - Instituto Federal do Mato Grosso";"363 - Ensino profissional";"2080 - EDUCACAO DE QUALIDADE PARA TODOS";"3 - DESPESAS CORRENTES";"3 - Outras Despesas Correntes";"33 - Passagens e Despesas com Locomoção";"72.151,06";"72.151,06";"72.151,06";"100.00%";
"2019";"26417 - Instituto Federal da Paraíba";"363 - Ensino profissional";"2080 - EDUCACAO DE QUALIDADE PARA TODOS";"3 - DESPESAS CORRENTES";"3 - Outras Despesas Correntes";"92 - Despesas de Exercícios Anteriores";"100,00";"100,00";"100,00";"100.00%";
"2019";"26409 - Instituto Federal de Minas Gerais";"363 - Ensino profissional";"2080 - EDUCACAO DE QUALIDADE PARA TODOS";"3 - DESPESAS CORRENTES";"3 - Outras Despesas Correntes";"93 - Indenizações e Restituições";"600,00";"600,00";"500,00";"83.33%";
"2019";"26435 - Instituto Federal do Rio Grande do Norte";"363 - Ensino profissional";"2080 - EDUCACAO DE QUALIDADE PARA TODOS";"3 - DESPESAS CORRENTES";"3 - Outras Despesas Correntes";"37 - Locação de Mão-de-Obra";"1.380.131,84";"1.380.131,84";"408.218,28";"29.58%";
"2019";"26422 - Instituto Federal Catarinense";"363 - Ensino profissional";"2080 - EDUCACAO DE QUALIDADE PARA TODOS";"3 - DESPESAS CORRENTES";"3 - Outras Despesas Correntes";"37 - Locação de Mão-de-Obra";"1.761.291,55";"1.761.291,55";"1.105.652,18";"62.78%";
"2019";"26407 - Instituto Federal Goiano";"363 - Ensino profissional";"2080 - EDUCACAO DE QUALIDADE PARA TODOS";"3 - DESPESAS CORRENTES";"3 - Outras Despesas Correntes";"37 - Locação de Mão-de-Obra";"1.921.077,88";"1.921.077,88";"1.309.123,48";"68.15%";
"2019";"26437 - Instituto Federal de Roraima";"363 - Ensino profissional";"2080 - EDUCACAO DE QUALIDADE PARA TODOS";"3 - DESPESAS CORRENTES";"3 - Outras Despesas Correntes";"18 - Auxílio Financeiro a Estudantes";"404.616,76";"404.616,76";"282.780,20";"69.89%";
"2019";"26407 - Instituto Federal Goiano";"363 - Ensino profissional";"2080 - EDUCACAO DE QUALIDADE PARA TODOS";"3 - DESPESAS CORRENTES";"3 - Outras Despesas Correntes";"18 - Auxílio Financeiro a Estudantes";"4.634.460,35";"4.634.460,35";"2.627.818,05";"56.70%";
"2019";"26435 - Instituto Federal do Rio Grande do Norte";"363 - Ensino profissional";"2080 - EDUCACAO DE QUALIDADE PARA TODOS";"3 - DESPESAS CORRENTES";"3 - Outras Despesas Correntes";"18 - Auxílio Financeiro a Estudantes";"8.828.696,72";"8.828.696,72";"5.301.653,77";"60.05%";
"2019";"26411 - Instituto Federal do Sudeste de Minas Gerais";"363 - Ensino profissional";"2080 - EDUCACAO DE QUALIDADE PARA TODOS";"3 - DESPESAS CORRENTES";"3 - Outras Despesas Correntes";"32 - Material, Bem ou Serviço para Distribuição Gratuita";"4.100,00";"4.100,00";"4.100,00";"100.00%";
"2019";"26414 - Instituto Federal do Mato Grosso";"363 - Ensino profissional";"2080 - EDUCACAO DE QUALIDADE PARA TODOS";"3 - DESPESAS CORRENTES";"3 - Outras Despesas Correntes";"30 - Material de Consumo";"1.438.106,96";"1.438.106,96";"602.144,73";"41.87%";
"2019";"26239 - Universidade Federal do Pará";"363 - Ensino profissional";"2080 - EDUCACAO DE QUALIDADE PARA TODOS";"3 - DESPESAS CORRENTES";"3 - Outras Despesas Correntes";"18 - Auxílio Financeiro a Estudantes";"430.249,00";"430.249,00";"147.470,00";"34.28%";
"2019";"26416 - Instituto Federal do Pará";"363 - Ensino profissional";"2080 - EDUCACAO DE QUALIDADE PARA TODOS";"3 - DESPESAS CORRENTES";"3 - Outras Despesas Correntes";"32 - Material, Bem ou Serviço para Distribuição Gratuita";"2.029.741,35";"2.029.741,35";"966.204,80";"47.60%";
"2019";"26272 - Fundação Universidade do Maranhão";"363 - Ensino profissional";"2080 - EDUCACAO DE QUALIDADE PARA TODOS";"3 - DESPESAS CORRENTES";"3 - Outras Despesas Correntes";"00 - Não informado";"149.520,00";"149.520,00";"0,00";"0,00%";
"2019";"26427 - Instituto Federal da Bahia";"363 - Ensino profissional";"2080 - EDUCACAO DE QUALIDADE PARA TODOS";"3 - DESPESAS CORRENTES";"3 - Outras Despesas Correntes";"36 - Outros Serviços de Terceiros - Pessoa Física";"6.421,48";"6.421,48";"3.840,00";"59.80%";
"2019";"26408 - Instituto Federal do Maranhão";"363 - Ensino profissional";"2080 - EDUCACAO DE QUALIDADE PARA TODOS";"3 - DESPESAS CORRENTES";"3 - Outras Despesas Correntes";"40 - Serviços de Tecnologia da Informação e Comunicação";"28.250,86";"28.250,86";"15.675,00";"55.49%";
"2019";"26424 - Instituto Federal do Tocantins";"363 - Ensino profissional";"2080 - EDUCACAO DE QUALIDADE PARA TODOS";"3 - DESPESAS CORRENTES";"3 - Outras Despesas Correntes";"39 - Outros Serviços de Terceiros - Pessoa Jurídica";"626.419,78";"626.419,78";"354.455,71";"56.58%";
